date,sku_id,daypart,sku_name,sku_category,base_quantity_sold,avg_unit_price,outlet_id,outlet_name,outlet_type,outlet_factor,daypart_factor,demand_noise,day_of_week,is_weekend,month,week_of_year,day_of_year,weather_condition,rain_mm,temperature,is_holiday,holiday_name,promo_flag,promo_type,event_flag,event_description,estimated_true_demand,planned_prep,actual_sales,waste_units,stockout_units,recent_waste_pressure,recent_stockout_pressure,recovered_demand,lag_7,lag_30,rolling_mean_7,rolling_mean_30,predicted_p50,group_key,predicted_p10,predicted_p90
2026-05-01,blueberry_muffin,evening,Blueberry Muffin,Dessert,0,3.8,bangsar_street,Bangsar Street,street_cafe,0.92,0.9,1.067910213022529,4,0,5,18,121,light_rain,3.4,28.2,0,,0,,0,,0,0,0,0,0,0,0,0,0.0,0.0,0.0,0.0,1.2286894111517976e-09,Dessert|evening,0.0,1.2309326506841016
2026-05-01,blueberry_muffin,midday,Blueberry Muffin,Dessert,0,3.8,bangsar_street,Bangsar Street,street_cafe,0.92,1.0,1.192919288836952,4,0,5,18,121,light_rain,3.4,28.2,0,,0,,0,,0,0,0,0,0,0,0,0,0.0,0.0,0.0,0.0,1.2286894111517976e-09,Dessert|midday,0.0,0.44298443873544757
2026-05-01,blueberry_muffin,morning,Blueberry Muffin,Dessert,0,3.8,bangsar_street,Bangsar Street,street_cafe,0.92,1.1,0.9879495691854404,4,0,5,18,121,light_rain,3.4,28.2,0,,0,,0,,0,0,0,0,0,0,0,0,0.0,0.0,0.0,0.0,1.2286894111517976e-09,Dessert|morning,0.0,0.344744682494817
2026-05-01,brioche,evening,Brioche,Pastry,0,3.8,bangsar_street,Bangsar Street,street_cafe,0.92,0.9,0.982344929813582,4,0,5,18,121,light_rain,3.4,28.2,0,,0,,0,,0,0,0,0,0,0,0,0,0.0,0.0,0.5714285714285714,0.3666666666666666,0.21470791809530815,Pastry|evening,0.0,2.9584220230774365
2026-05-01,brioche,midday,Brioche,Pastry,0,3.8,bangsar_street,Bangsar Street,street_cafe,0.92,1.0,0.9792947853469376,4,0,5,18,121,light_rain,3.4,28.2,0,,0,,0,,0,0,0,0,0,0,0,0,1.0,0.0,0.2857142857142857,0.3333333333333333,0.5916988581657975,Pastry|midday,0.0,3.962816025282453
2026-05-01,brioche,morning,Brioche,Pastry,2,6.0,bangsar_street,Bangsar Street,street_cafe,0.92,1.1,1.015340004354247,4,0,5,18,121,light_rain,3.4,28.2,0,,0,,0,,2,2,2,0,0,0,0,2,0.0,0.0,1.5714285714285714,1.2,0.45621769383067934,Pastry|morning,0.0,9.619679467384977
2026-05-01,brownie,evening,Brownie,Dessert,0,4.0,bangsar_street,Bangsar Street,street_cafe,0.92,0.9,1.0318677500263798,4,0,5,18,121,light_rain,3.4,28.2,0,,0,,0,,0,0,0,0,0,0,0,0,0.0,0.0,0.0,0.0,1.2286894111517976e-09,Dessert|evening,0.0,1.2309326506841016
2026-05-01,brownie,midday,Brownie,Dessert,0,4.0,bangsar_street,Bangsar Street,street_cafe,0.92,1.0,0.931515280405548,4,0,5,18,121,light_rain,3.4,28.2,0,,0,,0,,0,0,0,0,0,0,0,0,0.0,0.0,0.0,0.0,1.2286894111517976e-09,Dessert|midday,0.0,0.44298443873544757
2026-05-01,brownie,morning,Brownie,Dessert,0,4.0,bangsar_street,Bangsar Street,street_cafe,0.92,1.1,0.8594998577671888,4,0,5,18,121,light_rain,3.4,28.2,0,,0,,0,,0,0,0,0,0,0,0,0,0.0,0.0,0.0,0.0,1.2286894111517976e-09,Dessert|morning,0.0,0.344744682494817
2026-05-01,butter_croissant,evening,Butter Croissant,Pastry,3,1.2,bangsar_street,Bangsar Street,street_cafe,0.92,0.9,1.0049080690790688,4,0,5,18,121,light_rain,3.4,28.2,0,,0,,0,,2,2,2,0,0,0,0,2,2.0,5.0,2.571428571428572,2.5,1.365441711281155,Pastry|evening,0.0,4.109155816263284
2026-05-01,butter_croissant,midday,Butter Croissant,Pastry,5,1.2,bangsar_street,Bangsar Street,street_cafe,0.92,1.0,1.023938801911361,4,0,5,18,121,light_rain,3.4,28.2,0,,0,,0,,5,5,5,0,0,0,0,5,3.0,9.0,5.0,3.9,1.902150729122225,Pastry|midday,0.0,5.273267896238881
2026-05-01,butter_croissant,morning,Butter Croissant,Pastry,20,1.2363636363636363,bangsar_street,Bangsar Street,street_cafe,0.92,1.1,0.9554121440134584,4,0,5,18,121,light_rain,3.4,28.2,0,,0,,0,,19,20,19,1,0,1,0,19,27.0,33.0,32.57142857142857,33.13333333333333,21.034262917019383,Pastry|morning,11.08791182254424,30.19772469057368
2026-05-01,cake_slice,evening,Cake Slice,Dessert,0,6.2,bangsar_street,Bangsar Street,street_cafe,0.92,0.9,1.0595048672199938,4,0,5,18,121,light_rain,3.4,28.2,0,,0,,0,,0,0,0,0,0,0,0,0,0.0,0.0,0.0,0.0,1.2286894111517976e-09,Dessert|evening,0.0,1.2309326506841016
2026-05-01,cake_slice,midday,Cake Slice,Dessert,0,6.2,bangsar_street,Bangsar Street,street_cafe,0.92,1.0,0.7291589870599444,4,0,5,18,121,light_rain,3.4,28.2,0,,0,,0,,0,0,0,0,0,0,0,0,0.0,0.0,0.0,0.0,1.2286894111517976e-09,Dessert|midday,0.0,0.44298443873544757
2026-05-01,cake_slice,morning,Cake Slice,Dessert,0,6.2,bangsar_street,Bangsar Street,street_cafe,0.92,1.1,0.939654112373312,4,0,5,18,121,light_rain,3.4,28.2,0,,0,,0,,0,0,0,0,0,0,0,0,0.0,0.0,0.0,0.0,1.2286894111517976e-09,Dessert|morning,0.0,0.344744682494817
2026-05-01,chocolate_cookie,evening,Chocolate Cookie,Dessert,5,1.15,bangsar_street,Bangsar Street,street_cafe,0.92,0.9,1.0543887495994373,4,0,5,18,121,light_rain,3.4,28.2,0,,0,,0,,4,4,4,0,0,0,0,4,0.0,2.0,0.8571428571428571,1.2,0.6318244110712372,Dessert|evening,0.0,1.8627570605266495
2026-05-01,chocolate_cookie,midday,Chocolate Cookie,Dessert,0,2.5,bangsar_street,Bangsar Street,street_cafe,0.92,1.0,0.9959518578316332,4,0,5,18,121,light_rain,3.4,28.2,0,,0,,0,,0,0,0,0,0,0,0,0,0.0,5.0,0.1428571428571428,1.3333333333333333,0.6149390647456229,Dessert|midday,0.0,1.057923502252381
2026-05-01,chocolate_cookie,morning,Chocolate Cookie,Dessert,2,1.15,bangsar_street,Bangsar Street,street_cafe,0.92,1.1,0.9532683355244967,4,0,5,18,121,light_rain,3.4,28.2,0,,0,,0,,2,2,2,0,0,0,0,2,1.0,0.0,2.0,1.5,1.2098828707740794,Dessert|morning,0.0,1.5546275520402069
2026-05-01,coffee_bun_sweet_bun,evening,Coffee Bun / Sweet Bun,Pastry,0,3.2,bangsar_street,Bangsar Street,street_cafe,0.92,0.9,0.8551172194192728,4,0,5,18,121,light_rain,3.4,28.2,0,,0,,0,,0,0,0,0,0,0,0,0,3.0,2.0,0.8571428571428571,0.8,0.2976311094944075,Pastry|evening,0.0,3.041345214476536
2026-05-01,coffee_bun_sweet_bun,midday,Coffee Bun / Sweet Bun,Pastry,0,3.2,bangsar_street,Bangsar Street,street_cafe,0.92,1.0,0.967968738911444,4,0,5,18,121,light_rain,3.4,28.2,0,,0,,0,,0,0,0,0,0,0,0,0,0.0,6.0,1.8571428571428568,2.433333333333333,0.9999129230948781,Pastry|midday,0.0,4.3710300902115335
2026-05-01,coffee_bun_sweet_bun,morning,Coffee Bun / Sweet Bun,Pastry,0,3.2,bangsar_street,Bangsar Street,street_cafe,0.92,1.1,0.9631678878663232,4,0,5,18,121,light_rain,3.4,28.2,0,,0,,0,,0,0,0,0,0,0,0,0,2.0,1.0,2.0,1.8333333333333333,0.8344461320613498,Pastry|morning,0.0,9.997907905615648
2026-05-01,country_sourdough,evening,Country Sourdough,Bread,11,2.27,bangsar_street,Bangsar Street,street_cafe,0.92,0.9,0.7885204372120684,4,0,5,18,121,light_rain,3.4,28.2,0,,0,,0,,7,7,7,0,0,0,0,7,4.0,8.0,4.142857142857143,3.966666666666667,3.595050710788725,Bread|evening,0.0,15.813690927140852
2026-05-01,country_sourdough,midday,Country Sourdough,Bread,8,1.7625000000000002,bangsar_street,Bangsar Street,street_cafe,0.92,1.0,0.9572966912801946,4,0,5,18,121,light_rain,3.4,28.2,0,,0,,0,,7,6,6,0,1,0,1,7,5.0,13.0,11.0,8.7,7.335659167783957,Bread|midday,0.0,26.449647074761124
2026-05-01,country_sourdough,morning,Country Sourdough,Bread,16,1.6666666666666667,bangsar_street,Bangsar Street,street_cafe,0.92,1.1,1.0916846330320142,4,0,5,18,121,light_rain,3.4,28.2,0,,0,,0,,18,17,17,0,1,0,1,18,19.0,19.0,20.571428571428573,19.1,17.815019751309404,Bread|morning,0.0,43.35714795014881
2026-05-01,fruit_tart,evening,Fruit Tart,Dessert,3,2.2,bangsar_street,Bangsar Street,street_cafe,0.92,0.9,1.1253613898078054,4,0,5,18,121,light_rain,3.4,28.2,0,,0,,0,,3,3,3,0,0,0,0,3,2.0,0.0,2.0,1.0666666666666669,1.0147305009808323,Dessert|evening,0.25494421555118296,2.2456631504362443
2026-05-01,fruit_tart,midday,Fruit Tart,Dessert,0,5.5,bangsar_street,Bangsar Street,street_cafe,0.92,1.0,0.9648541454660732,4,0,5,18,121,light_rain,3.4,28.2,0,,0,,0,,0,0,0,0,0,0,0,0,4.0,6.0,2.4285714285714284,3.466666666666667,1.9278955572963734,Dessert|midday,0.21659318386300264,2.3708799948031314
2026-05-01,fruit_tart,morning,Fruit Tart,Dessert,0,5.5,bangsar_street,Bangsar Street,street_cafe,0.92,1.1,1.1275589259048715,4,0,5,18,121,light_rain,3.4,28.2,0,,0,,0,,0,0,0,0,0,0,0,0,0.0,3.0,2.2857142857142856,2.533333333333333,0.6283649650076182,Dessert|morning,0.0,0.9731096462737457
2026-05-01,ham_cheese_sandwich,evening,Ham & Cheese Sandwich,Savory,0,8.5,bangsar_street,Bangsar Street,street_cafe,0.92,0.9,1.0557683897658667,4,0,5,18,121,light_rain,3.4,28.2,0,,0,,0,,0,0,0,0,0,0,0,0,0.0,0.0,0.0,0.1333333333333333,0.04897704119368903,Savory|evening,0.0,0.12614510837753096
2026-05-01,ham_cheese_sandwich,midday,Ham & Cheese Sandwich,Savory,6,5.5,bangsar_street,Bangsar Street,street_cafe,0.92,1.0,1.058894742677433,4,0,5,18,121,light_rain,3.4,28.2,0,,0,,0,,6,5,5,0,1,0,1,6,8.0,25.0,9.0,9.433333333333334,12.619208187671287,Savory|midday,6.433717776355326,19.448575374414204
2026-05-01,ham_cheese_sandwich,morning,Ham & Cheese Sandwich,Savory,7,4.666666666666667,bangsar_street,Bangsar Street,street_cafe,0.92,1.1,1.043231915440861,4,0,5,18,121,light_rain,3.4,28.2,0,,0,,0,,7,7,7,0,0,0,0,7,9.0,10.0,3.857142857142857,3.9,3.1459363672606986,Savory|morning,0.0,6.9770405154186905
2026-05-01,pain_au_chocolat,evening,Pain au Chocolat,Pastry,10,1.3,bangsar_street,Bangsar Street,street_cafe,0.92,0.9,0.9614765195195526,4,0,5,18,121,light_rain,3.4,28.2,0,,0,,0,,8,8,8,0,0,0,0,8,0.0,2.0,1.4285714285714286,2.033333333333333,0.871181037434466,Pastry|evening,0.0,3.6148951424165947
2026-05-01,pain_au_chocolat,midday,Pain au Chocolat,Pastry,5,1.3,bangsar_street,Bangsar Street,street_cafe,0.92,1.0,0.9177342759582636,4,0,5,18,121,light_rain,3.4,28.2,0,,0,,0,,4,4,4,0,0,0,0,4,3.0,3.0,3.4285714285714284,2.7333333333333334,1.6161816539594664,Pastry|midday,0.0,4.987298821076122
2026-05-01,pain_au_chocolat,morning,Pain au Chocolat,Pastry,21,1.3,bangsar_street,Bangsar Street,street_cafe,0.92,1.1,1.0182906844787936,4,0,5,18,121,light_rain,3.4,28.2,0,,0,,0,,22,17,17,0,5,0,1,22,19.0,29.0,27.714285714285715,27.4,18.05496695551751,Pastry|morning,8.108615861042368,27.21842872907181
2026-05-01,traditional_baguette,evening,Traditional Baguette,Bread,40,1.288888888888889,bangsar_street,Bangsar Street,street_cafe,0.92,0.9,1.002523778409656,4,0,5,18,121,light_rain,3.4,28.2,0,,0,,0,,33,35,33,2,0,1,0,33,29.0,41.0,26.0,21.83333333333333,25.695851690364535,Bread|evening,14.685509351923892,37.91449190671666
2026-05-01,traditional_baguette,midday,Traditional Baguette,Bread,63,1.2361702127659575,bangsar_street,Bangsar Street,street_cafe,0.92,1.0,0.948438730280239,4,0,5,18,121,light_rain,3.4,28.2,0,,0,,0,,55,56,55,1,0,1,0,55,42.0,85.0,69.42857142857143,60.833333333333336,51.39492851208514,Bread|midday,35.972470257807814,70.5089164190623
2026-05-01,traditional_baguette,morning,Traditional Baguette,Bread,75,1.2341463414634146,bangsar_street,Bangsar Street,street_cafe,0.92,1.1,1.0784949563443214,4,0,5,18,121,light_rain,3.4,28.2,0,,0,,0,,82,87,82,5,0,1,0,82,68.0,111.0,87.0,89.33333333333333,60.47055441144594,Bread|morning,41.56846879409705,86.01268261028534
2026-05-01,blueberry_muffin,evening,Blueberry Muffin,Dessert,0,3.8,klcc_mall,KLCC Mall,mall,1.18,0.9,0.9699683946463816,4,0,5,18,121,light_rain,3.4,28.2,0,,0,,0,,0,0,0,0,0,0,0,0,0.0,0.0,0.0,0.0,1.2286894111517976e-09,Dessert|evening,0.0,1.2309326506841016
2026-05-01,blueberry_muffin,midday,Blueberry Muffin,Dessert,0,3.8,klcc_mall,KLCC Mall,mall,1.18,1.0,1.0212339236511685,4,0,5,18,121,light_rain,3.4,28.2,0,,0,,0,,0,0,0,0,0,0,0,0,0.0,0.0,0.0,0.0,1.2286894111517976e-09,Dessert|midday,0.0,0.44298443873544757
2026-05-01,blueberry_muffin,morning,Blueberry Muffin,Dessert,0,3.8,klcc_mall,KLCC Mall,mall,1.18,1.1,1.0103233862869787,4,0,5,18,121,light_rain,3.4,28.2,0,,0,,0,,0,0,0,0,0,0,0,0,0.0,0.0,0.0,0.0,1.2286894111517976e-09,Dessert|morning,0.0,0.344744682494817
2026-05-01,brioche,evening,Brioche,Pastry,0,3.8,klcc_mall,KLCC Mall,mall,1.18,0.9,0.9961826385463656,4,0,5,18,121,light_rain,3.4,28.2,0,,0,,0,,0,0,0,0,0,0,0,0,0.0,0.0,0.5714285714285714,0.3666666666666666,0.20642944968918225,Pastry|evening,0.0,2.950143554671311
2026-05-01,brioche,midday,Brioche,Pastry,0,3.8,klcc_mall,KLCC Mall,mall,1.18,1.0,0.9301952712734748,4,0,5,18,121,light_rain,3.4,28.2,0,,0,,0,,0,0,0,0,0,0,0,0,1.0,0.0,0.2857142857142857,0.3333333333333333,0.5697449467282014,Pastry|midday,0.0,3.940862113844857
2026-05-01,brioche,morning,Brioche,Pastry,2,6.0,klcc_mall,KLCC Mall,mall,1.18,1.1,0.8608810218240072,4,0,5,18,121,light_rain,3.4,28.2,0,,0,,0,,2,2,2,0,0,0,0,2,0.0,0.0,2.0,1.5,0.4142642170808859,Pastry|morning,0.0,9.577725990635184
2026-05-01,brownie,evening,Brownie,Dessert,0,4.0,klcc_mall,KLCC Mall,mall,1.18,0.9,1.0062369117968033,4,0,5,18,121,light_rain,3.4,28.2,0,,0,,0,,0,0,0,0,0,0,0,0,0.0,0.0,0.0,0.0,1.2286894111517976e-09,Dessert|evening,0.0,1.2309326506841016
2026-05-01,brownie,midday,Brownie,Dessert,0,4.0,klcc_mall,KLCC Mall,mall,1.18,1.0,1.0604657203350698,4,0,5,18,121,light_rain,3.4,28.2,0,,0,,0,,0,0,0,0,0,0,0,0,0.0,0.0,0.0,0.0,1.2286894111517976e-09,Dessert|midday,0.0,0.44298443873544757
2026-05-01,brownie,morning,Brownie,Dessert,0,4.0,klcc_mall,KLCC Mall,mall,1.18,1.1,0.9779001291828804,4,0,5,18,121,light_rain,3.4,28.2,0,,0,,0,,0,0,0,0,0,0,0,0,0.0,0.0,0.0,0.0,1.2286894111517976e-09,Dessert|morning,0.0,0.344744682494817
2026-05-01,butter_croissant,evening,Butter Croissant,Pastry,3,1.2,klcc_mall,KLCC Mall,mall,1.18,0.9,1.1170538800166798,4,0,5,18,121,light_rain,3.4,28.2,0,,0,,0,,4,5,4,1,0,1,0,4,2.0,6.0,3.2857142857142856,3.1333333333333333,5.224446020467388,Pastry|evening,3.7485218879026143,7.968160125449517
2026-05-01,butter_croissant,midday,Butter Croissant,Pastry,5,1.2,klcc_mall,KLCC Mall,mall,1.18,1.0,0.9637158738155508,4,0,5,18,121,light_rain,3.4,28.2,0,,0,,0,,6,6,6,0,0,0,0,6,5.0,12.0,6.571428571428571,5.0,2.0421129698802325,Pastry|midday,0.0,5.413230136996888
2026-05-01,butter_croissant,morning,Butter Croissant,Pastry,20,1.2363636363636363,klcc_mall,KLCC Mall,mall,1.18,1.1,0.999345935446134,4,0,5,18,121,light_rain,3.4,28.2,0,,0,,0,,26,25,25,0,1,0,1,26,36.0,48.0,43.142857142857146,43.3,24.24520186148547,Pastry|morning,14.298850767010327,33.408663635039765
2026-05-01,cake_slice,evening,Cake Slice,Dessert,0,6.2,klcc_mall,KLCC Mall,mall,1.18,0.9,1.0568920125547618,4,0,5,18,121,light_rain,3.4,28.2,0,,0,,0,,0,0,0,0,0,0,0,0,0.0,0.0,0.0,0.0,1.2286894111517976e-09,Dessert|evening,0.0,1.2309326506841016
2026-05-01,cake_slice,midday,Cake Slice,Dessert,0,6.2,klcc_mall,KLCC Mall,mall,1.18,1.0,1.1165816690622847,4,0,5,18,121,light_rain,3.4,28.2,0,,0,,0,,0,0,0,0,0,0,0,0,0.0,0.0,0.0,0.0,1.2286894111517976e-09,Dessert|midday,0.0,0.44298443873544757
2026-05-01,cake_slice,morning,Cake Slice,Dessert,0,6.2,klcc_mall,KLCC Mall,mall,1.18,1.1,1.2074838401655446,4,0,5,18,121,light_rain,3.4,28.2,0,,0,,0,,0,0,0,0,0,0,0,0,0.0,0.0,0.0,0.0,1.2286894111517976e-09,Dessert|morning,0.0,0.344744682494817
2026-05-01,chocolate_cookie,evening,Chocolate Cookie,Dessert,5,1.15,klcc_mall,KLCC Mall,mall,1.18,0.9,1.077591815492433,4,0,5,18,121,light_rain,3.4,28.2,0,,0,,0,,6,5,5,0,1,0,1,6,0.0,2.0,1.2857142857142858,1.4666666666666666,4.821580287958897,Dessert|evening,4.061794002529247,6.052512937414309
2026-05-01,chocolate_cookie,midday,Chocolate Cookie,Dessert,0,2.5,klcc_mall,KLCC Mall,mall,1.18,1.0,1.1031065913848792,4,0,5,18,121,light_rain,3.4,28.2,0,,0,,0,,0,0,0,0,0,0,0,0,0.0,8.0,0.1428571428571428,1.6,1.5426937282338966,Dessert|midday,0.0,1.9856781657406548
2026-05-01,chocolate_cookie,morning,Chocolate Cookie,Dessert,2,1.15,klcc_mall,KLCC Mall,mall,1.18,1.1,1.072306055088761,4,0,5,18,121,light_rain,3.4,28.2,0,,0,,0,,3,3,3,0,0,0,0,3,1.0,0.0,2.571428571428572,1.8333333333333333,1.0774543745833918,Dessert|morning,0.0,1.4221990558495192
2026-05-01,coffee_bun_sweet_bun,evening,Coffee Bun / Sweet Bun,Pastry,0,3.2,klcc_mall,KLCC Mall,mall,1.18,0.9,0.980190957350046,4,0,5,18,121,light_rain,3.4,28.2,0,,0,,0,,0,0,0,0,0,0,0,0,3.0,2.0,0.8571428571428571,0.8333333333333334,0.15156294753186028,Pastry|evening,0.0,2.895277052513989
2026-05-01,coffee_bun_sweet_bun,midday,Coffee Bun / Sweet Bun,Pastry,0,3.2,klcc_mall,KLCC Mall,mall,1.18,1.0,0.95645425661818,4,0,5,18,121,light_rain,3.4,28.2,0,,0,,0,,0,0,0,0,0,0,0,0,0.0,7.0,2.571428571428572,3.1333333333333333,1.2917405677184404,Pastry|midday,0.0,4.662857734835096
2026-05-01,coffee_bun_sweet_bun,morning,Coffee Bun / Sweet Bun,Pastry,0,3.2,klcc_mall,KLCC Mall,mall,1.18,1.1,0.8315568577432813,4,0,5,18,121,light_rain,3.4,28.2,0,,0,,0,,0,0,0,0,0,0,0,0,3.0,1.0,2.2857142857142856,2.1666666666666665,0.8149310340291898,Pastry|morning,0.0,9.978392807583488
2026-05-01,country_sourdough,evening,Country Sourdough,Bread,11,2.27,klcc_mall,KLCC Mall,mall,1.18,0.9,0.9468529456341604,4,0,5,18,121,light_rain,3.4,28.2,0,,0,,0,,11,11,11,0,0,0,0,11,5.0,9.0,5.0,5.066666666666666,4.467881228638892,Bread|evening,0.0,16.68652144499102
2026-05-01,country_sourdough,midday,Country Sourdough,Bread,8,1.7625000000000002,klcc_mall,KLCC Mall,mall,1.18,1.0,0.9982633232089838,4,0,5,18,121,light_rain,3.4,28.2,0,,0,,0,,9,7,7,0,2,0,1,9,6.0,15.0,14.857142857142858,11.433333333333334,9.644179551099574,Bread|midday,0.0,28.75816745807674
2026-05-01,country_sourdough,morning,Country Sourdough,Bread,16,1.6666666666666667,klcc_mall,KLCC Mall,mall,1.18,1.1,1.0265357262971675,4,0,5,18,121,light_rain,3.4,28.2,0,,0,,0,,21,22,21,1,0,1,0,21,21.0,27.0,24.857142857142858,24.933333333333334,20.83636111075925,Bread|morning,1.934275493410361,46.37848930959865
2026-05-01,fruit_tart,evening,Fruit Tart,Dessert,3,2.2,klcc_mall,KLCC Mall,mall,1.18,0.9,1.0116905312765558,4,0,5,18,121,light_rain,3.4,28.2,0,,0,,0,,3,3,3,0,0,0,0,3,2.0,0.0,2.2857142857142856,1.2,0.9828629857487116,Dessert|evening,0.22307670031906224,2.2137956352041237
2026-05-01,fruit_tart,midday,Fruit Tart,Dessert,0,5.5,klcc_mall,KLCC Mall,mall,1.18,1.0,1.0538183502798195,4,0,5,18,121,light_rain,3.4,28.2,0,,0,,0,,0,0,0,0,0,0,0,0,6.0,6.0,3.0,4.266666666666667,1.9259660631201696,Dessert|midday,0.21466368968679883,2.368950500626928
2026-05-01,fruit_tart,morning,Fruit Tart,Dessert,0,5.5,klcc_mall,KLCC Mall,mall,1.18,1.1,0.9011403217147238,4,0,5,18,121,light_rain,3.4,28.2,0,,0,,0,,0,0,0,0,0,0,0,0,0.0,4.0,3.0,3.2,0.7116358699401396,Dessert|morning,0.0,1.0563805512062672
2026-05-01,ham_cheese_sandwich,evening,Ham & Cheese Sandwich,Savory,0,8.5,klcc_mall,KLCC Mall,mall,1.18,0.9,0.9197048477093512,4,0,5,18,121,light_rain,3.4,28.2,0,,0,,0,,0,0,0,0,0,0,0,0,0.0,0.0,0.0,0.1333333333333333,0.05307009535081227,Savory|evening,0.0,0.1302381625346542
2026-05-01,ham_cheese_sandwich,midday,Ham & Cheese Sandwich,Savory,6,5.5,klcc_mall,KLCC Mall,mall,1.18,1.0,1.0130977804046415,4,0,5,18,121,light_rain,3.4,28.2,0,,0,,0,,7,6,6,0,1,0,1,7,11.0,27.0,12.142857142857142,12.033333333333331,14.982992639120742,Savory|midday,8.797502227804781,21.81235982586366
2026-05-01,ham_cheese_sandwich,morning,Ham & Cheese Sandwich,Savory,7,4.666666666666667,klcc_mall,KLCC Mall,mall,1.18,1.1,1.0199336401030543,4,0,5,18,121,light_rain,3.4,28.2,0,,0,,0,,9,9,9,0,0,0,0,9,12.0,12.0,5.142857142857143,4.866666666666666,3.8188150732472748,Savory|morning,0.0,7.649919221405266
2026-05-01,pain_au_chocolat,evening,Pain au Chocolat,Pastry,10,1.3,klcc_mall,KLCC Mall,mall,1.18,0.9,0.9742501831848044,4,0,5,18,121,light_rain,3.4,28.2,0,,0,,0,,10,8,8,0,2,0,1,10,0.0,3.0,2.0,2.7,5.372743090955946,Pastry|evening,3.896818958391172,8.116457195938075
2026-05-01,pain_au_chocolat,midday,Pain au Chocolat,Pastry,5,1.3,klcc_mall,KLCC Mall,mall,1.18,1.0,1.0252465003357891,4,0,5,18,121,light_rain,3.4,28.2,0,,0,,0,,6,6,6,0,0,0,0,6,4.0,5.0,4.0,3.433333333333333,1.8630888232628326,Pastry|midday,0.0,5.234205990379488
2026-05-01,pain_au_chocolat,morning,Pain au Chocolat,Pastry,21,1.3,klcc_mall,KLCC Mall,mall,1.18,1.1,1.0640334686332171,4,0,5,18,121,light_rain,3.4,28.2,0,,0,,0,,29,26,26,0,3,0,1,29,24.0,41.0,32.142857142857146,33.3,19.37863129148133,Pastry|morning,9.432280197006188,28.54209306503563
2026-05-01,traditional_baguette,evening,Traditional Baguette,Bread,40,1.288888888888889,klcc_mall,KLCC Mall,mall,1.18,0.9,1.1297539302364186,4,0,5,18,121,light_rain,3.4,28.2,0,,0,,0,,48,50,48,2,0,1,0,48,38.0,46.0,34.285714285714285,28.2,34.87180444520274,Bread|evening,23.861462106762097,47.09044466155487
2026-05-01,traditional_baguette,midday,Traditional Baguette,Bread,63,1.2361702127659575,klcc_mall,KLCC Mall,mall,1.18,1.0,1.1377261533837533,4,0,5,18,121,light_rain,3.4,28.2,0,,0,,0,,85,72,72,0,13,0,1,85,51.0,115.0,86.14285714285714,81.13333333333334,56.267677539800616,Bread|midday,40.845219285523285,75.38166544677779
2026-05-01,traditional_baguette,morning,Traditional Baguette,Bread,75,1.2341463414634146,klcc_mall,KLCC Mall,mall,1.18,1.1,1.002659721307573,4,0,5,18,121,light_rain,3.4,28.2,0,,0,,0,,98,93,93,0,5,0,1,98,72.0,142.0,113.42857142857144,121.63333333333334,62.60773832669388,Bread|morning,43.70565270934499,88.14986652553328
2026-05-01,blueberry_muffin,evening,Blueberry Muffin,Dessert,0,3.8,mid_valley_mall,Mid Valley Mall,mall,1.12,0.9,1.0700189908433717,4,0,5,18,121,light_rain,3.4,28.2,0,,0,,0,,0,0,0,0,0,0,0,0,0.0,0.0,0.0,0.0,1.2286894111517976e-09,Dessert|evening,0.0,1.2309326506841016
2026-05-01,blueberry_muffin,midday,Blueberry Muffin,Dessert,0,3.8,mid_valley_mall,Mid Valley Mall,mall,1.12,1.0,1.0473485855783964,4,0,5,18,121,light_rain,3.4,28.2,0,,0,,0,,0,0,0,0,0,0,0,0,0.0,0.0,0.0,0.0,1.2286894111517976e-09,Dessert|midday,0.0,0.44298443873544757
2026-05-01,blueberry_muffin,morning,Blueberry Muffin,Dessert,0,3.8,mid_valley_mall,Mid Valley Mall,mall,1.12,1.1,1.0458086849738593,4,0,5,18,121,light_rain,3.4,28.2,0,,0,,0,,0,0,0,0,0,0,0,0,0.0,0.0,0.0,0.0,1.2286894111517976e-09,Dessert|morning,0.0,0.344744682494817
2026-05-01,brioche,evening,Brioche,Pastry,0,3.8,mid_valley_mall,Mid Valley Mall,mall,1.12,0.9,1.0905395848484796,4,0,5,18,121,light_rain,3.4,28.2,0,,0,,0,,0,0,0,0,0,0,0,0,0.0,0.0,0.5714285714285714,0.3666666666666666,0.20807318107098094,Pastry|evening,0.0,2.9517872860531096
2026-05-01,brioche,midday,Brioche,Pastry,0,3.8,mid_valley_mall,Mid Valley Mall,mall,1.12,1.0,0.912253225112752,4,0,5,18,121,light_rain,3.4,28.2,0,,0,,0,,0,0,0,0,0,0,0,0,1.0,0.0,0.2857142857142857,0.3333333333333333,0.57010307580377,Pastry|midday,0.0,3.9412202429204255
2026-05-01,brioche,morning,Brioche,Pastry,2,6.0,mid_valley_mall,Mid Valley Mall,mall,1.12,1.1,0.936014114278704,4,0,5,18,121,light_rain,3.4,28.2,0,,0,,0,,2,2,2,0,0,0,0,2,0.0,0.0,1.7142857142857142,1.2333333333333334,0.43562328204324385,Pastry|morning,0.0,9.599085055597541
2026-05-01,brownie,evening,Brownie,Dessert,0,4.0,mid_valley_mall,Mid Valley Mall,mall,1.12,0.9,0.9471641455513988,4,0,5,18,121,light_rain,3.4,28.2,0,,0,,0,,0,0,0,0,0,0,0,0,0.0,0.0,0.0,0.0,1.2286894111517976e-09,Dessert|evening,0.0,1.2309326506841016
2026-05-01,brownie,midday,Brownie,Dessert,0,4.0,mid_valley_mall,Mid Valley Mall,mall,1.12,1.0,0.9830574693092692,4,0,5,18,121,light_rain,3.4,28.2,0,,0,,0,,0,0,0,0,0,0,0,0,0.0,0.0,0.0,0.0,1.2286894111517976e-09,Dessert|midday,0.0,0.44298443873544757
2026-05-01,brownie,morning,Brownie,Dessert,0,4.0,mid_valley_mall,Mid Valley Mall,mall,1.12,1.1,0.9930223451602246,4,0,5,18,121,light_rain,3.4,28.2,0,,0,,0,,0,0,0,0,0,0,0,0,0.0,0.0,0.0,0.0,1.2286894111517976e-09,Dessert|morning,0.0,0.344744682494817
2026-05-01,butter_croissant,evening,Butter Croissant,Pastry,3,1.2,mid_valley_mall,Mid Valley Mall,mall,1.12,0.9,1.049383526452925,4,0,5,18,121,light_rain,3.4,28.2,0,,0,,0,,3,3,3,0,0,0,0,3,2.0,5.0,3.142857142857143,3.033333333333333,1.3826502200312456,Pastry|evening,0.0,4.126364325013374
2026-05-01,butter_croissant,midday,Butter Croissant,Pastry,5,1.2,mid_valley_mall,Mid Valley Mall,mall,1.12,1.0,1.0952039342879802,4,0,5,18,121,light_rain,3.4,28.2,0,,0,,0,,6,5,5,0,1,0,1,6,5.0,11.0,6.0,4.733333333333333,6.907461084584858,Pastry|midday,4.6551501388197,10.278578251701514
2026-05-01,butter_croissant,morning,Butter Croissant,Pastry,20,1.2363636363636363,mid_valley_mall,Mid Valley Mall,mall,1.12,1.1,0.869532976550995,4,0,5,18,121,light_rain,3.4,28.2,0,,0,,0,,21,19,19,0,2,0,1,21,33.0,35.0,40.285714285714285,41.8,20.55036625931656,Pastry|morning,10.60401516484142,29.713828032870857
2026-05-01,cake_slice,evening,Cake Slice,Dessert,0,6.2,mid_valley_mall,Mid Valley Mall,mall,1.12,0.9,0.9642156154398824,4,0,5,18,121,light_rain,3.4,28.2,0,,0,,0,,0,0,0,0,0,0,0,0,0.0,0.0,0.0,0.0,1.2286894111517976e-09,Dessert|evening,0.0,1.2309326506841016
2026-05-01,cake_slice,midday,Cake Slice,Dessert,0,6.2,mid_valley_mall,Mid Valley Mall,mall,1.12,1.0,1.0378505322394205,4,0,5,18,121,light_rain,3.4,28.2,0,,0,,0,,0,0,0,0,0,0,0,0,0.0,0.0,0.0,0.0,1.2286894111517976e-09,Dessert|midday,0.0,0.44298443873544757
2026-05-01,cake_slice,morning,Cake Slice,Dessert,0,6.2,mid_valley_mall,Mid Valley Mall,mall,1.12,1.1,0.8812568169970794,4,0,5,18,121,light_rain,3.4,28.2,0,,0,,0,,0,0,0,0,0,0,0,0,0.0,0.0,0.0,0.0,1.2286894111517976e-09,Dessert|morning,0.0,0.344744682494817
2026-05-01,chocolate_cookie,evening,Chocolate Cookie,Dessert,5,1.15,mid_valley_mall,Mid Valley Mall,mall,1.12,0.9,0.9785238908616702,4,0,5,18,121,light_rain,3.4,28.2,0,,0,,0,,5,4,4,0,1,0,1,5,0.0,2.0,1.1428571428571428,1.4333333333333331,4.787302622245806,Dessert|evening,4.0275163368161575,6.018235271701219
2026-05-01,chocolate_cookie,midday,Chocolate Cookie,Dessert,0,2.5,mid_valley_mall,Mid Valley Mall,mall,1.12,1.0,1.004632152786155,4,0,5,18,121,light_rain,3.4,28.2,0,,0,,0,,0,0,0,0,0,0,0,0,0.0,6.0,0.1428571428571428,1.4333333333333331,0.7309805908842782,Dessert|midday,0.0,1.1739650283910363
2026-05-01,chocolate_cookie,morning,Chocolate Cookie,Dessert,2,1.15,mid_valley_mall,Mid Valley Mall,mall,1.12,1.1,0.8757154190576141,4,0,5,18,121,light_rain,3.4,28.2,0,,0,,0,,2,2,2,0,0,0,0,2,1.0,0.0,2.142857142857143,1.6666666666666667,1.1605276218353633,Dessert|morning,0.0,1.5052723031014907
2026-05-01,coffee_bun_sweet_bun,evening,Coffee Bun / Sweet Bun,Pastry,0,3.2,mid_valley_mall,Mid Valley Mall,mall,1.12,0.9,1.0553971296221332,4,0,5,18,121,light_rain,3.4,28.2,0,,0,,0,,0,0,0,0,0,0,0,0,3.0,2.0,0.8571428571428571,0.8,0.30058946520797464,Pastry|evening,0.0,3.0443035701901033
2026-05-01,coffee_bun_sweet_bun,midday,Coffee Bun / Sweet Bun,Pastry,0,3.2,mid_valley_mall,Mid Valley Mall,mall,1.12,1.0,0.9882010888006234,4,0,5,18,121,light_rain,3.4,28.2,0,,0,,0,,0,0,0,0,0,0,0,0,0.0,8.0,2.4285714285714284,3.1333333333333333,1.308665519660698,Pastry|midday,0.0,4.6797826867773535
2026-05-01,coffee_bun_sweet_bun,morning,Coffee Bun / Sweet Bun,Pastry,0,3.2,mid_valley_mall,Mid Valley Mall,mall,1.12,1.1,0.985689487218662,4,0,5,18,121,light_rain,3.4,28.2,0,,0,,0,,0,0,0,0,0,0,0,0,3.0,1.0,2.2857142857142856,2.1666666666666665,0.8168730602355982,Pastry|morning,0.0,9.980334833789897
2026-05-01,country_sourdough,evening,Country Sourdough,Bread,11,2.27,mid_valley_mall,Mid Valley Mall,mall,1.12,0.9,0.9872631690048452,4,0,5,18,121,light_rain,3.4,28.2,0,,0,,0,,11,9,9,0,2,0,1,11,5.0,8.0,4.857142857142857,4.733333333333333,7.226524823389182,Bread|evening,0.0,19.445165039741312
2026-05-01,country_sourdough,midday,Country Sourdough,Bread,8,1.7625000000000002,mid_valley_mall,Mid Valley Mall,mall,1.12,1.0,0.8396684893189119,4,0,5,18,121,light_rain,3.4,28.2,0,,0,,0,,8,8,8,0,0,0,0,8,6.0,14.0,13.285714285714286,10.566666666666666,6.58446712454811,Bread|midday,0.0,25.698455031525274
2026-05-01,country_sourdough,morning,Country Sourdough,Bread,16,1.6666666666666667,mid_valley_mall,Mid Valley Mall,mall,1.12,1.1,0.9043097814274595,4,0,5,18,121,light_rain,3.4,28.2,0,,0,,0,,18,17,17,0,1,0,1,18,20.0,28.0,23.285714285714285,24.166666666666668,19.956461622577546,Bread|morning,1.054376005228658,45.49858982141695
2026-05-01,fruit_tart,evening,Fruit Tart,Dessert,3,2.2,mid_valley_mall,Mid Valley Mall,mall,1.12,0.9,1.026399213238007,4,0,5,18,121,light_rain,3.4,28.2,0,,0,,0,,3,3,3,0,0,0,0,3,2.0,0.0,2.4285714285714284,1.2,1.0110278013315348,Dessert|evening,0.2512415159018855,2.241960450786947
2026-05-01,fruit_tart,midday,Fruit Tart,Dessert,0,5.5,mid_valley_mall,Mid Valley Mall,mall,1.12,1.0,1.092946321645654,4,0,5,18,121,light_rain,3.4,28.2,0,,0,,0,,0,0,0,0,0,0,0,0,5.0,7.0,2.571428571428572,4.0,1.7805723637635,Dessert|midday,0.06926999033012926,2.223556801270258
2026-05-01,fruit_tart,morning,Fruit Tart,Dessert,0,5.5,mid_valley_mall,Mid Valley Mall,mall,1.12,1.1,0.7585767636627516,4,0,5,18,121,light_rain,3.4,28.2,0,,0,,0,,0,0,0,0,0,0,0,0,0.0,4.0,3.2857142857142856,3.2666666666666666,0.7026496667058317,Dessert|morning,0.0,1.0473943479719594
2026-05-01,ham_cheese_sandwich,evening,Ham & Cheese Sandwich,Savory,0,8.5,mid_valley_mall,Mid Valley Mall,mall,1.12,0.9,1.0429544378121811,4,0,5,18,121,light_rain,3.4,28.2,0,,0,,0,,0,0,0,0,0,0,0,0,0.0,0.0,0.0,0.1333333333333333,0.05326150504783016,Savory|evening,0.0,0.13042957223167206
2026-05-01,ham_cheese_sandwich,midday,Ham & Cheese Sandwich,Savory,6,5.5,mid_valley_mall,Mid Valley Mall,mall,1.12,1.0,0.9385268318808774,4,0,5,18,121,light_rain,3.4,28.2,0,,0,,0,,6,6,6,0,0,0,0,6,10.0,33.0,11.428571428571429,11.533333333333331,8.73487996437612,Savory|midday,2.549389553060159,15.564247151119039
2026-05-01,ham_cheese_sandwich,morning,Ham & Cheese Sandwich,Savory,7,4.666666666666667,mid_valley_mall,Mid Valley Mall,mall,1.12,1.1,0.9664822146865816,4,0,5,18,121,light_rain,3.4,28.2,0,,0,,0,,8,8,8,0,0,0,0,8,12.0,12.0,4.571428571428571,4.533333333333333,3.8974248402493523,Savory|morning,0.0,7.728528988407344
2026-05-01,pain_au_chocolat,evening,Pain au Chocolat,Pastry,10,1.3,mid_valley_mall,Mid Valley Mall,mall,1.12,0.9,0.9976662125600974,4,0,5,18,121,light_rain,3.4,28.2,0,,0,,0,,10,9,9,0,1,0,1,10,0.0,3.0,1.8571428571428568,2.533333333333333,5.230720566251306,Pastry|evening,3.7547964336865323,7.974434671233435
2026-05-01,pain_au_chocolat,midday,Pain au Chocolat,Pastry,5,1.3,mid_valley_mall,Mid Valley Mall,mall,1.12,1.0,0.9495542086741424,4,0,5,18,121,light_rain,3.4,28.2,0,,0,,0,,5,5,5,0,0,0,0,5,3.0,4.0,4.0,3.2,1.582050843969549,Pastry|midday,0.0,4.953168011086205
2026-05-01,pain_au_chocolat,morning,Pain au Chocolat,Pastry,21,1.3,mid_valley_mall,Mid Valley Mall,mall,1.12,1.1,0.8962048774848455,4,0,5,18,121,light_rain,3.4,28.2,0,,0,,0,,23,22,22,0,1,0,1,23,22.0,41.0,32.42857142857143,31.6,19.46569718211421,Pastry|morning,9.519346087639066,28.629158955668508
2026-05-01,traditional_baguette,evening,Traditional Baguette,Bread,40,1.288888888888889,mid_valley_mall,Mid Valley Mall,mall,1.12,0.9,0.8134550250370873,4,0,5,18,121,light_rain,3.4,28.2,0,,0,,0,,33,31,31,0,2,0,1,33,36.0,41.0,31.142857142857142,26.266666666666666,33.191908532425956,Bread|evening,22.18156619398531,45.41054874877808
2026-05-01,traditional_baguette,midday,Traditional Baguette,Bread,63,1.2361702127659575,mid_valley_mall,Mid Valley Mall,mall,1.12,1.0,0.962836451039902,4,0,5,18,121,light_rain,3.4,28.2,0,,0,,0,,68,64,64,0,4,0,1,68,51.0,91.0,86.57142857142857,76.16666666666667,56.596029729602705,Bread|midday,41.173571475325375,75.71001763657986
2026-05-01,traditional_baguette,morning,Traditional Baguette,Bread,75,1.2341463414634146,mid_valley_mall,Mid Valley Mall,mall,1.12,1.1,0.9533917786483016,4,0,5,18,121,light_rain,3.4,28.2,0,,0,,0,,88,86,86,0,2,0,1,88,78.0,142.0,112.71428571428572,111.76666666666668,65.79694521597806,Bread|morning,46.89485959862917,91.33907341481746
2026-05-01,blueberry_muffin,evening,Blueberry Muffin,Dessert,0,3.8,mont_kiara_premium,Mont Kiara Premium,premium,1.08,0.9,1.159426563539721,4,0,5,18,121,light_rain,3.4,28.2,0,,0,,0,,0,0,0,0,0,0,0,0,0.0,0.0,0.0,0.0,1.2286894111517976e-09,Dessert|evening,0.0,1.2309326506841016
2026-05-01,blueberry_muffin,midday,Blueberry Muffin,Dessert,0,3.8,mont_kiara_premium,Mont Kiara Premium,premium,1.08,1.0,0.930963918646096,4,0,5,18,121,light_rain,3.4,28.2,0,,0,,0,,0,0,0,0,0,0,0,0,0.0,0.0,0.0,0.0,1.2286894111517976e-09,Dessert|midday,0.0,0.44298443873544757
2026-05-01,blueberry_muffin,morning,Blueberry Muffin,Dessert,0,3.8,mont_kiara_premium,Mont Kiara Premium,premium,1.08,1.1,1.0384194667325377,4,0,5,18,121,light_rain,3.4,28.2,0,,0,,0,,0,0,0,0,0,0,0,0,0.0,0.0,0.0,0.0,1.2286894111517976e-09,Dessert|morning,0.0,0.344744682494817
2026-05-01,brioche,evening,Brioche,Pastry,0,3.8,mont_kiara_premium,Mont Kiara Premium,premium,1.08,0.9,0.7857781854268652,4,0,5,18,121,light_rain,3.4,28.2,0,,0,,0,,0,0,0,0,0,0,0,0,0.0,0.0,0.5714285714285714,0.3666666666666666,0.20724591910584056,Pastry|evening,0.0,2.950960024087969
2026-05-01,brioche,midday,Brioche,Pastry,0,3.8,mont_kiara_premium,Mont Kiara Premium,premium,1.08,1.0,0.9304536429879858,4,0,5,18,121,light_rain,3.4,28.2,0,,0,,0,,0,0,0,0,0,0,0,0,1.0,0.0,0.2857142857142857,0.3333333333333333,0.5701321120736803,Pastry|midday,0.0,3.9412492791903357
2026-05-01,brioche,morning,Brioche,Pastry,2,6.0,mont_kiara_premium,Mont Kiara Premium,premium,1.08,1.1,0.9718474828158724,4,0,5,18,121,light_rain,3.4,28.2,0,,0,,0,,2,2,2,0,0,0,0,2,0.0,0.0,1.7142857142857142,1.2333333333333334,0.43586211847332706,Pastry|morning,0.0,9.599323892027625
2026-05-01,brownie,evening,Brownie,Dessert,0,4.0,mont_kiara_premium,Mont Kiara Premium,premium,1.08,0.9,1.0935357622666444,4,0,5,18,121,light_rain,3.4,28.2,0,,0,,0,,0,0,0,0,0,0,0,0,0.0,0.0,0.0,0.0,1.2286894111517976e-09,Dessert|evening,0.0,1.2309326506841016
2026-05-01,brownie,midday,Brownie,Dessert,0,4.0,mont_kiara_premium,Mont Kiara Premium,premium,1.08,1.0,0.9433303718681392,4,0,5,18,121,light_rain,3.4,28.2,0,,0,,0,,0,0,0,0,0,0,0,0,0.0,0.0,0.0,0.0,1.2286894111517976e-09,Dessert|midday,0.0,0.44298443873544757
2026-05-01,brownie,morning,Brownie,Dessert,0,4.0,mont_kiara_premium,Mont Kiara Premium,premium,1.08,1.1,1.0514354714761371,4,0,5,18,121,light_rain,3.4,28.2,0,,0,,0,,0,0,0,0,0,0,0,0,0.0,0.0,0.0,0.0,1.2286894111517976e-09,Dessert|morning,0.0,0.344744682494817
2026-05-01,butter_croissant,evening,Butter Croissant,Pastry,3,1.2,mont_kiara_premium,Mont Kiara Premium,premium,1.08,0.9,0.9024746482035934,4,0,5,18,121,light_rain,3.4,28.2,0,,0,,0,,3,3,3,0,0,0,0,3,2.0,5.0,3.2857142857142856,2.933333333333333,1.375868598317294,Pastry|evening,0.0,4.1195827032994226
2026-05-01,butter_croissant,midday,Butter Croissant,Pastry,5,1.2,mont_kiara_premium,Mont Kiara Premium,premium,1.08,1.0,1.075794850924326,4,0,5,18,121,light_rain,3.4,28.2,0,,0,,0,,6,6,6,0,0,0,0,6,4.0,11.0,6.142857142857143,4.666666666666667,1.9780735759779158,Pastry|midday,0.0,5.349190743094571
2026-05-01,butter_croissant,morning,Butter Croissant,Pastry,20,1.2363636363636363,mont_kiara_premium,Mont Kiara Premium,premium,1.08,1.1,1.1134908249651163,4,0,5,18,121,light_rain,3.4,28.2,0,,0,,0,,26,24,24,0,2,0,1,26,33.0,35.0,39.71428571428572,40.56666666666667,20.69913044822752,Pastry|morning,10.752779353752379,29.862592221781817
2026-05-01,cake_slice,evening,Cake Slice,Dessert,0,6.2,mont_kiara_premium,Mont Kiara Premium,premium,1.08,0.9,1.1440404786753935,4,0,5,18,121,light_rain,3.4,28.2,0,,0,,0,,0,0,0,0,0,0,0,0,0.0,0.0,0.0,0.0,1.2286894111517976e-09,Dessert|evening,0.0,1.2309326506841016
2026-05-01,cake_slice,midday,Cake Slice,Dessert,0,6.2,mont_kiara_premium,Mont Kiara Premium,premium,1.08,1.0,0.8722782781230807,4,0,5,18,121,light_rain,3.4,28.2,0,,0,,0,,0,0,0,0,0,0,0,0,0.0,0.0,0.0,0.0,1.2286894111517976e-09,Dessert|midday,0.0,0.44298443873544757
2026-05-01,cake_slice,morning,Cake Slice,Dessert,0,6.2,mont_kiara_premium,Mont Kiara Premium,premium,1.08,1.1,1.009976405507007,4,0,5,18,121,light_rain,3.4,28.2,0,,0,,0,,0,0,0,0,0,0,0,0,0.0,0.0,0.0,0.0,1.2286894111517976e-09,Dessert|morning,0.0,0.344744682494817
2026-05-01,chocolate_cookie,evening,Chocolate Cookie,Dessert,5,1.15,mont_kiara_premium,Mont Kiara Premium,premium,1.08,0.9,1.0293410770408258,4,0,5,18,121,light_rain,3.4,28.2,0,,0,,0,,5,5,5,0,0,0,0,5,0.0,2.0,1.1428571428571428,1.4,0.6580593254390363,Dessert|evening,0.0,1.8889919748944486
2026-05-01,chocolate_cookie,midday,Chocolate Cookie,Dessert,0,2.5,mont_kiara_premium,Mont Kiara Premium,premium,1.08,1.0,1.0462280978662513,4,0,5,18,121,light_rain,3.4,28.2,0,,0,,0,,0,0,0,0,0,0,0,0,0.0,6.0,0.1428571428571428,1.5333333333333334,0.814856443734129,Dessert|midday,0.0,1.2578408812408872
2026-05-01,chocolate_cookie,morning,Chocolate Cookie,Dessert,2,1.15,mont_kiara_premium,Mont Kiara Premium,premium,1.08,1.1,0.845657221681742,4,0,5,18,121,light_rain,3.4,28.2,0,,0,,0,,2,2,2,0,0,0,0,2,1.0,0.0,2.2857142857142856,1.6333333333333333,1.0933523166629158,Dessert|morning,0.0,1.4380969979290432
2026-05-01,coffee_bun_sweet_bun,evening,Coffee Bun / Sweet Bun,Pastry,0,3.2,mont_kiara_premium,Mont Kiara Premium,premium,1.08,0.9,0.9337719474002236,4,0,5,18,121,light_rain,3.4,28.2,0,,0,,0,,0,0,0,0,0,0,0,0,3.0,2.0,0.8571428571428571,0.7666666666666667,0.30370187482957783,Pastry|evening,0.0,3.0474159798117064
2026-05-01,coffee_bun_sweet_bun,midday,Coffee Bun / Sweet Bun,Pastry,0,3.2,mont_kiara_premium,Mont Kiara Premium,premium,1.08,1.0,1.1412522284668762,4,0,5,18,121,light_rain,3.4,28.2,0,,0,,0,,0,0,0,0,0,0,0,0,0.0,7.0,2.2857142857142856,2.933333333333333,1.3108649623900193,Pastry|midday,0.0,4.681982129506675
2026-05-01,coffee_bun_sweet_bun,morning,Coffee Bun / Sweet Bun,Pastry,0,3.2,mont_kiara_premium,Mont Kiara Premium,premium,1.08,1.1,0.9675012700085628,4,0,5,18,121,light_rain,3.4,28.2,0,,0,,0,,0,0,0,0,0,0,0,0,2.0,1.0,2.142857142857143,2.066666666666667,0.8197279935528805,Pastry|morning,0.0,9.983189767107179
2026-05-01,country_sourdough,evening,Country Sourdough,Bread,11,2.27,mont_kiara_premium,Mont Kiara Premium,premium,1.08,0.9,1.00376423582583,4,0,5,18,121,light_rain,3.4,28.2,0,,0,,0,,11,10,10,0,1,0,1,11,5.0,8.0,4.857142857142857,4.666666666666667,6.985635601381233,Bread|evening,0.0,19.20427581773336
2026-05-01,country_sourdough,midday,Country Sourdough,Bread,8,1.7625000000000002,mont_kiara_premium,Mont Kiara Premium,premium,1.08,1.0,1.045782974691992,4,0,5,18,121,light_rain,3.4,28.2,0,,0,,0,,9,8,8,0,1,0,1,9,6.0,13.0,12.571428571428571,10.2,9.129414096036033,Bread|midday,0.0,28.2434020030132
2026-05-01,country_sourdough,morning,Country Sourdough,Bread,16,1.6666666666666667,mont_kiara_premium,Mont Kiara Premium,premium,1.08,1.1,1.0145677676949254,4,0,5,18,121,light_rain,3.4,28.2,0,,0,,0,,19,24,19,5,0,1,0,19,21.0,30.0,22.714285714285715,23.4,18.93166850993815,Bread|morning,0.029582892589260723,44.473796708777556
2026-05-01,fruit_tart,evening,Fruit Tart,Dessert,3,2.2,mont_kiara_premium,Mont Kiara Premium,premium,1.08,0.9,0.9124151689379236,4,0,5,18,121,light_rain,3.4,28.2,0,,0,,0,,3,3,3,0,0,0,0,3,2.0,0.0,2.142857142857143,1.1666666666666667,0.9467817965279756,Dessert|evening,0.18699551109832624,2.177714445983388
2026-05-01,fruit_tart,midday,Fruit Tart,Dessert,0,5.5,mont_kiara_premium,Mont Kiara Premium,premium,1.08,1.0,0.9051028048744052,4,0,5,18,121,light_rain,3.4,28.2,0,,0,,0,,0,0,0,0,0,0,0,0,5.0,7.0,2.4285714285714284,3.733333333333333,1.9655941734036713,Dessert|midday,0.2542917999703005,2.4085786109104292
2026-05-01,fruit_tart,morning,Fruit Tart,Dessert,0,5.5,mont_kiara_premium,Mont Kiara Premium,premium,1.08,1.1,0.9913615454657352,4,0,5,18,121,light_rain,3.4,28.2,0,,0,,0,,0,0,0,0,0,0,0,0,0.0,4.0,2.857142857142857,3.033333333333333,0.7694609461850096,Dessert|morning,0.0,1.1142056274511372
2026-05-01,ham_cheese_sandwich,evening,Ham & Cheese Sandwich,Savory,0,8.5,mont_kiara_premium,Mont Kiara Premium,premium,1.08,0.9,1.137713879128712,4,0,5,18,121,light_rain,3.4,28.2,0,,0,,0,,0,0,0,0,0,0,0,0,0.0,0.0,0.0,0.1333333333333333,0.05307009535081227,Savory|evening,0.0,0.1302381625346542
2026-05-01,ham_cheese_sandwich,midday,Ham & Cheese Sandwich,Savory,6,5.5,mont_kiara_premium,Mont Kiara Premium,premium,1.08,1.0,1.14614754566808,4,0,5,18,121,light_rain,3.4,28.2,0,,0,,0,,7,6,6,0,1,0,1,7,8.0,26.0,10.571428571428571,11.0,12.976024496805241,Savory|midday,6.790534085489281,19.80539168354816
2026-05-01,ham_cheese_sandwich,morning,Ham & Cheese Sandwich,Savory,7,4.666666666666667,mont_kiara_premium,Mont Kiara Premium,premium,1.08,1.1,1.083913702443411,4,0,5,18,121,light_rain,3.4,28.2,0,,0,,0,,9,9,9,0,0,0,0,9,12.0,11.0,4.714285714285714,4.366666666666666,3.833744216884887,Savory|morning,0.0,7.664848365042879
2026-05-01,pain_au_chocolat,evening,Pain au Chocolat,Pastry,10,1.3,mont_kiara_premium,Mont Kiara Premium,premium,1.08,0.9,0.9500223199509203,4,0,5,18,121,light_rain,3.4,28.2,0,,0,,0,,9,10,9,1,0,1,0,9,0.0,3.0,1.8571428571428568,2.466666666666667,4.764426934766355,Pastry|evening,3.2885028022015814,7.508141039748484
2026-05-01,pain_au_chocolat,midday,Pain au Chocolat,Pastry,5,1.3,mont_kiara_premium,Mont Kiara Premium,premium,1.08,1.0,1.0380350409221897,4,0,5,18,121,light_rain,3.4,28.2,0,,0,,0,,6,7,6,1,0,1,0,6,4.0,4.0,4.142857142857143,3.1333333333333333,5.803074813584506,Pastry|midday,3.5507638678193483,9.174191980701162
2026-05-01,pain_au_chocolat,morning,Pain au Chocolat,Pastry,21,1.3,mont_kiara_premium,Mont Kiara Premium,premium,1.08,1.1,1.0790825934589283,4,0,5,18,121,light_rain,3.4,28.2,0,,0,,0,,27,25,25,0,2,0,1,27,24.0,36.0,31.142857142857142,30.0,19.12899601079302,Pastry|morning,9.182644916317878,28.29245778434732
2026-05-01,traditional_baguette,evening,Traditional Baguette,Bread,40,1.288888888888889,mont_kiara_premium,Mont Kiara Premium,premium,1.08,0.9,1.0269788382819318,4,0,5,18,121,light_rain,3.4,28.2,0,,0,,0,,40,38,38,0,2,0,1,40,32.0,46.0,32.57142857142857,26.4,29.440416795113787,Bread|evening,18.430074456673147,41.65905701146592
2026-05-01,traditional_baguette,midday,Traditional Baguette,Bread,63,1.2361702127659575,mont_kiara_premium,Mont Kiara Premium,premium,1.08,1.0,0.9751492316662682,4,0,5,18,121,light_rain,3.4,28.2,0,,0,,0,,66,62,62,0,4,0,1,66,51.0,96.0,84.85714285714286,74.13333333333334,51.98739253508565,Bread|midday,36.564934280808316,71.1013804420628
2026-05-01,traditional_baguette,morning,Traditional Baguette,Bread,75,1.2341463414634146,mont_kiara_premium,Mont Kiara Premium,premium,1.08,1.1,0.9327471174169892,4,0,5,18,121,light_rain,3.4,28.2,0,,0,,0,,83,84,83,1,0,1,0,83,63.0,117.0,98.57142857142856,106.53333333333332,65.16426185499769,Bread|morning,46.2621762376488,90.7063900538371
2026-05-01,blueberry_muffin,evening,Blueberry Muffin,Dessert,0,3.8,subang_residential,Subang Residential,residential_neighbourhood,0.82,0.9,1.0378234937360329,4,0,5,18,121,light_rain,3.4,28.2,0,,0,,0,,0,0,0,0,0,0,0,0,0.0,0.0,0.0,0.0,1.2286894111517976e-09,Dessert|evening,0.0,1.2309326506841016
2026-05-01,blueberry_muffin,midday,Blueberry Muffin,Dessert,0,3.8,subang_residential,Subang Residential,residential_neighbourhood,0.82,1.0,0.939798670464607,4,0,5,18,121,light_rain,3.4,28.2,0,,0,,0,,0,0,0,0,0,0,0,0,0.0,0.0,0.0,0.0,1.2286894111517976e-09,Dessert|midday,0.0,0.44298443873544757
2026-05-01,blueberry_muffin,morning,Blueberry Muffin,Dessert,0,3.8,subang_residential,Subang Residential,residential_neighbourhood,0.82,1.1,0.9463213934829324,4,0,5,18,121,light_rain,3.4,28.2,0,,0,,0,,0,0,0,0,0,0,0,0,0.0,0.0,0.0,0.0,1.2286894111517976e-09,Dessert|morning,0.0,0.344744682494817
2026-05-01,brioche,evening,Brioche,Pastry,0,3.8,subang_residential,Subang Residential,residential_neighbourhood,0.82,0.9,0.9982145110663964,4,0,5,18,121,light_rain,3.4,28.2,0,,0,,0,,0,0,0,0,0,0,0,0,0.0,0.0,0.4285714285714285,0.3,0.11197606102334831,Pastry|evening,0.0,2.855690166005477
2026-05-01,brioche,midday,Brioche,Pastry,0,3.8,subang_residential,Subang Residential,residential_neighbourhood,0.82,1.0,1.0647502244868017,4,0,5,18,121,light_rain,3.4,28.2,0,,0,,0,,0,0,0,0,0,0,0,0,1.0,0.0,0.2857142857142857,0.3333333333333333,0.5653258633648824,Pastry|midday,0.0,3.936443030481538
2026-05-01,brioche,morning,Brioche,Pastry,2,6.0,subang_residential,Subang Residential,residential_neighbourhood,0.82,1.1,1.1817933575734705,4,0,5,18,121,light_rain,3.4,28.2,0,,0,,0,,2,2,2,0,0,0,0,2,0.0,0.0,1.4285714285714286,1.0333333333333334,0.380478679478709,Pastry|morning,0.0,9.543940453033008
2026-05-01,brownie,evening,Brownie,Dessert,0,4.0,subang_residential,Subang Residential,residential_neighbourhood,0.82,0.9,0.9944984748802884,4,0,5,18,121,light_rain,3.4,28.2,0,,0,,0,,0,0,0,0,0,0,0,0,0.0,0.0,0.0,0.0,1.2286894111517976e-09,Dessert|evening,0.0,1.2309326506841016
2026-05-01,brownie,midday,Brownie,Dessert,0,4.0,subang_residential,Subang Residential,residential_neighbourhood,0.82,1.0,0.950136058171438,4,0,5,18,121,light_rain,3.4,28.2,0,,0,,0,,0,0,0,0,0,0,0,0,0.0,0.0,0.0,0.0,1.2286894111517976e-09,Dessert|midday,0.0,0.44298443873544757
2026-05-01,brownie,morning,Brownie,Dessert,0,4.0,subang_residential,Subang Residential,residential_neighbourhood,0.82,1.1,1.093788230637048,4,0,5,18,121,light_rain,3.4,28.2,0,,0,,0,,0,0,0,0,0,0,0,0,0.0,0.0,0.0,0.0,1.2286894111517976e-09,Dessert|morning,0.0,0.344744682494817
2026-05-01,butter_croissant,evening,Butter Croissant,Pastry,3,1.2,subang_residential,Subang Residential,residential_neighbourhood,0.82,0.9,0.9829590964399088,4,0,5,18,121,light_rain,3.4,28.2,0,,0,,0,,2,2,2,0,0,0,0,2,2.0,4.0,2.4285714285714284,2.3666666666666667,1.3279715870208844,Pastry|evening,0.0,4.071685692003013
2026-05-01,butter_croissant,midday,Butter Croissant,Pastry,5,1.2,subang_residential,Subang Residential,residential_neighbourhood,0.82,1.0,0.9929382400369272,4,0,5,18,121,light_rain,3.4,28.2,0,,0,,0,,4,4,4,0,0,0,0,4,4.0,8.0,5.142857142857143,3.7666666666666666,1.7467718864595845,Pastry|midday,0.0,5.11788905357624
2026-05-01,butter_croissant,morning,Butter Croissant,Pastry,20,1.2363636363636363,subang_residential,Subang Residential,residential_neighbourhood,0.82,1.1,1.0779760137430945,4,0,5,18,121,light_rain,3.4,28.2,0,,0,,0,,19,17,17,0,2,0,1,19,30.0,33.0,29.0,29.433333333333334,16.83061555665392,Pastry|morning,6.884264462178779,25.99407733020822
2026-05-01,cake_slice,evening,Cake Slice,Dessert,0,6.2,subang_residential,Subang Residential,residential_neighbourhood,0.82,0.9,1.0715214071924508,4,0,5,18,121,light_rain,3.4,28.2,0,,0,,0,,0,0,0,0,0,0,0,0,0.0,0.0,0.0,0.0,1.2286894111517976e-09,Dessert|evening,0.0,1.2309326506841016
2026-05-01,cake_slice,midday,Cake Slice,Dessert,0,6.2,subang_residential,Subang Residential,residential_neighbourhood,0.82,1.0,1.0422400033220012,4,0,5,18,121,light_rain,3.4,28.2,0,,0,,0,,0,0,0,0,0,0,0,0,0.0,0.0,0.0,0.0,1.2286894111517976e-09,Dessert|midday,0.0,0.44298443873544757
2026-05-01,cake_slice,morning,Cake Slice,Dessert,0,6.2,subang_residential,Subang Residential,residential_neighbourhood,0.82,1.1,1.0820108209460426,4,0,5,18,121,light_rain,3.4,28.2,0,,0,,0,,0,0,0,0,0,0,0,0,0.0,0.0,0.0,0.0,1.2286894111517976e-09,Dessert|morning,0.0,0.344744682494817
2026-05-01,chocolate_cookie,evening,Chocolate Cookie,Dessert,5,1.15,subang_residential,Subang Residential,residential_neighbourhood,0.82,0.9,0.9722972205345434,4,0,5,18,121,light_rain,3.4,28.2,0,,0,,0,,4,4,4,0,0,0,0,4,0.0,2.0,0.8571428571428571,1.0666666666666669,0.6242544482794393,Dessert|evening,0.0,1.8551870977348517
2026-05-01,chocolate_cookie,midday,Chocolate Cookie,Dessert,0,2.5,subang_residential,Subang Residential,residential_neighbourhood,0.82,1.0,0.9942988699857356,4,0,5,18,121,light_rain,3.4,28.2,0,,0,,0,,0,0,0,0,0,0,0,0,0.0,5.0,0.1428571428571428,1.2666666666666666,0.6895757997314351,Dessert|midday,0.0,1.1325602372381933
2026-05-01,chocolate_cookie,morning,Chocolate Cookie,Dessert,2,1.15,subang_residential,Subang Residential,residential_neighbourhood,0.82,1.1,1.044963531202755,4,0,5,18,121,light_rain,3.4,28.2,0,,0,,0,,2,2,2,0,0,0,0,2,1.0,0.0,1.8571428571428568,1.4,1.2296482346260418,Dessert|morning,0.0,1.5743929158921692
2026-05-01,coffee_bun_sweet_bun,evening,Coffee Bun / Sweet Bun,Pastry,0,3.2,subang_residential,Subang Residential,residential_neighbourhood,0.82,0.9,1.055921200624447,4,0,5,18,121,light_rain,3.4,28.2,0,,0,,0,,0,0,0,0,0,0,0,0,2.0,1.0,0.7142857142857143,0.6,0.3468933693222062,Pastry|evening,0.0,3.090607474304335
2026-05-01,coffee_bun_sweet_bun,midday,Coffee Bun / Sweet Bun,Pastry,0,3.2,subang_residential,Subang Residential,residential_neighbourhood,0.82,1.0,1.004343020341135,4,0,5,18,121,light_rain,3.4,28.2,0,,0,,0,,0,0,0,0,0,0,0,0,0.0,6.0,2.2857142857142856,2.4,0.801157167267414,Pastry|midday,0.0,4.17227433438407
2026-05-01,coffee_bun_sweet_bun,morning,Coffee Bun / Sweet Bun,Pastry,0,3.2,subang_residential,Subang Residential,residential_neighbourhood,0.82,1.1,1.0228718797269305,4,0,5,18,121,light_rain,3.4,28.2,0,,0,,0,,0,0,0,0,0,0,0,0,2.0,1.0,1.8571428571428568,1.6666666666666667,0.7807137854775476,Pastry|morning,0.0,9.944175559031846
2026-05-01,country_sourdough,evening,Country Sourdough,Bread,11,2.27,subang_residential,Subang Residential,residential_neighbourhood,0.82,0.9,1.1296044682805306,4,0,5,18,121,light_rain,3.4,28.2,0,,0,,0,,9,9,9,0,0,0,0,9,4.0,6.0,3.571428571428572,3.633333333333333,3.4350012071407425,Bread|evening,0.0,15.653641423492871
2026-05-01,country_sourdough,midday,Country Sourdough,Bread,8,1.7625000000000002,subang_residential,Subang Residential,residential_neighbourhood,0.82,1.0,0.9030267199469074,4,0,5,18,121,light_rain,3.4,28.2,0,,0,,0,,6,5,5,0,1,0,1,6,4.0,9.0,9.857142857142858,7.8,7.113016728419998,Bread|midday,0.0,26.227004635397165
2026-05-01,country_sourdough,morning,Country Sourdough,Bread,16,1.6666666666666667,subang_residential,Subang Residential,residential_neighbourhood,0.82,1.1,1.0968061578413868,4,0,5,18,121,light_rain,3.4,28.2,0,,0,,0,,16,16,16,0,0,0,0,16,14.0,21.0,16.285714285714285,17.133333333333333,9.70203543708571,Bread|morning,0.0,35.24416363592511
2026-05-01,fruit_tart,evening,Fruit Tart,Dessert,3,2.2,subang_residential,Subang Residential,residential_neighbourhood,0.82,0.9,0.9633080378340892,4,0,5,18,121,light_rain,3.4,28.2,0,,0,,0,,2,2,2,0,0,0,0,2,1.0,0.0,1.7142857142857142,0.9333333333333332,0.8574203323974773,Dessert|evening,0.09763404696782796,2.0883529818528896
2026-05-01,fruit_tart,midday,Fruit Tart,Dessert,0,5.5,subang_residential,Subang Residential,residential_neighbourhood,0.82,1.0,0.893033338643158,4,0,5,18,121,light_rain,3.4,28.2,0,,0,,0,,0,0,0,0,0,0,0,0,4.0,4.0,2.2857142857142856,2.966666666666667,1.561415729928243,Dessert|midday,0.0,2.004400167435001
2026-05-01,fruit_tart,morning,Fruit Tart,Dessert,0,5.5,subang_residential,Subang Residential,residential_neighbourhood,0.82,1.1,1.1355029976008428,4,0,5,18,121,light_rain,3.4,28.2,0,,0,,0,,0,0,0,0,0,0,0,0,0.0,3.0,2.4285714285714284,2.533333333333333,0.5959777561700631,Dessert|morning,0.0,0.9407224374361907
2026-05-01,ham_cheese_sandwich,evening,Ham & Cheese Sandwich,Savory,0,8.5,subang_residential,Subang Residential,residential_neighbourhood,0.82,0.9,0.9771834647208898,4,0,5,18,121,light_rain,3.4,28.2,0,,0,,0,,0,0,0,0,0,0,0,0,0.0,0.0,0.0,0.1333333333333333,0.05361264497207042,Savory|evening,0.0,0.13078071215591233
2026-05-01,ham_cheese_sandwich,midday,Ham & Cheese Sandwich,Savory,6,5.5,subang_residential,Subang Residential,residential_neighbourhood,0.82,1.0,1.025689201480873,4,0,5,18,121,light_rain,3.4,28.2,0,,0,,0,,5,5,5,0,0,0,0,5,6.0,22.0,7.571428571428571,8.5,4.985971905209268,Savory|midday,0.0,11.815339091952186
2026-05-01,ham_cheese_sandwich,morning,Ham & Cheese Sandwich,Savory,7,4.666666666666667,subang_residential,Subang Residential,residential_neighbourhood,0.82,1.1,0.8941692550182926,4,0,5,18,121,light_rain,3.4,28.2,0,,0,,0,,6,6,6,0,0,0,0,6,9.0,9.0,3.7142857142857135,3.5,2.672756674323108,Savory|morning,0.0,6.5038608224811
2026-05-01,pain_au_chocolat,evening,Pain au Chocolat,Pastry,10,1.3,subang_residential,Subang Residential,residential_neighbourhood,0.82,0.9,1.071263511574062,4,0,5,18,121,light_rain,3.4,28.2,0,,0,,0,,8,8,8,0,0,0,0,8,0.0,2.0,1.4285714285714286,1.9,0.7847083673393682,Pastry|evening,0.0,3.5284224723214965
2026-05-01,pain_au_chocolat,midday,Pain au Chocolat,Pastry,5,1.3,subang_residential,Subang Residential,residential_neighbourhood,0.82,1.0,0.9158403317264244,4,0,5,18,121,light_rain,3.4,28.2,0,,0,,0,,4,4,4,0,0,0,0,4,2.0,3.0,3.142857142857143,2.533333333333333,1.3203576713531615,Pastry|midday,0.0,4.6914748384698175
2026-05-01,pain_au_chocolat,morning,Pain au Chocolat,Pastry,21,1.3,subang_residential,Subang Residential,residential_neighbourhood,0.82,1.1,0.969612917862168,4,0,5,18,121,light_rain,3.4,28.2,0,,0,,0,,18,19,18,1,0,1,0,18,17.0,28.0,23.714285714285715,23.73333333333333,17.194760189017117,Pastry|morning,7.248409094541975,26.358221962571413
2026-05-01,traditional_baguette,evening,Traditional Baguette,Bread,40,1.288888888888889,subang_residential,Subang Residential,residential_neighbourhood,0.82,0.9,0.9537536134205438,4,0,5,18,121,light_rain,3.4,28.2,0,,0,,0,,28,32,28,4,0,1,0,28,23.0,32.0,22.428571428571427,18.73333333333333,23.056799438220633,Bread|evening,12.04645709977999,35.275439654572764
2026-05-01,traditional_baguette,midday,Traditional Baguette,Bread,63,1.2361702127659575,subang_residential,Subang Residential,residential_neighbourhood,0.82,1.0,0.961649053792811,4,0,5,18,121,light_rain,3.4,28.2,0,,0,,0,,50,46,46,0,4,0,1,50,34.0,82.0,64.85714285714286,56.766666666666666,37.579268918550646,Bread|midday,22.15681066427332,56.69325682552781
2026-05-01,traditional_baguette,morning,Traditional Baguette,Bread,75,1.2341463414634146,subang_residential,Subang Residential,residential_neighbourhood,0.82,1.1,0.8645724873273493,4,0,5,18,121,light_rain,3.4,28.2,0,,0,,0,,58,46,46,0,12,0,1,58,57.0,100.0,80.14285714285714,82.9,53.57003587656521,Bread|morning,34.66795025921632,79.1121640754046
