date,sku_id,daypart,sku_name,sku_category,base_quantity_sold,avg_unit_price,outlet_id,outlet_name,outlet_type,outlet_factor,daypart_factor,demand_noise,day_of_week,is_weekend,month,week_of_year,day_of_year,weather_condition,rain_mm,temperature,is_holiday,holiday_name,promo_flag,promo_type,event_flag,event_description,estimated_true_demand,planned_prep,actual_sales,waste_units,stockout_units,recent_waste_pressure,recent_stockout_pressure,recovered_demand,lag_7,lag_30,rolling_mean_7,rolling_mean_30,predicted_p50,group_key,predicted_p10,predicted_p90,recommended_prep_qty,decision_posture,expected_waste_units,expected_stockout_units,expected_cost,explanation
2026-05-01,blueberry_muffin,evening,Blueberry Muffin,Dessert,0,3.8,bangsar_street,Bangsar Street,street_cafe,0.92,0.9,1.067910213022529,4,0,5,18,121,light_rain,3.4,28.2,0,,0,,0,,0,0,0,0,0,0,0,0,0.0,0.0,0.0,0.0,1.2286894111517974e-09,Dessert|evening,0.0,1.2309326506841016,0,above_p50_service_protection,0.0,1.2286894111517974e-09,5.8362747029710375e-09,"For Blueberry Muffin at Bangsar Street during evening, forecast demand range is 0-1 units with median 0. Recommended prep is 0 units."
2026-05-01,blueberry_muffin,midday,Blueberry Muffin,Dessert,0,3.8,bangsar_street,Bangsar Street,street_cafe,0.92,1.0,1.192919288836952,4,0,5,18,121,light_rain,3.4,28.2,0,,0,,0,,0,0,0,0,0,0,0,0,0.0,0.0,0.0,0.0,1.2286894111517974e-09,Dessert|midday,0.0,0.4429844387354475,0,above_p50_service_protection,0.0,1.2286894111517974e-09,5.8362747029710375e-09,"For Blueberry Muffin at Bangsar Street during midday, forecast demand range is 0-0 units with median 0. Recommended prep is 0 units."
2026-05-01,blueberry_muffin,morning,Blueberry Muffin,Dessert,0,3.8,bangsar_street,Bangsar Street,street_cafe,0.92,1.1,0.9879495691854404,4,0,5,18,121,light_rain,3.4,28.2,0,,0,,0,,0,0,0,0,0,0,0,0,0.0,0.0,0.0,0.0,1.2286894111517974e-09,Dessert|morning,0.0,0.344744682494817,0,above_p50_service_protection,0.0,1.2286894111517974e-09,5.8362747029710375e-09,"For Blueberry Muffin at Bangsar Street during morning, forecast demand range is 0-0 units with median 0. Recommended prep is 0 units."
2026-05-01,brioche,evening,Brioche,Pastry,0,3.8,bangsar_street,Bangsar Street,street_cafe,0.92,0.9,0.982344929813582,4,0,5,18,121,light_rain,3.4,28.2,0,,0,,0,,0,0,0,0,0,0,0,0,0.0,0.0,0.5714285714285714,0.3666666666666666,0.2147079180953081,Pastry|evening,0.0,2.9584220230774365,5,above_p50_service_protection,4.785292081904692,0.0,8.182849460057023,"For Brioche at Bangsar Street during evening, forecast demand range is 0-3 units with median 0. Recommended prep is 5 units."
2026-05-01,brioche,midday,Brioche,Pastry,0,3.8,bangsar_street,Bangsar Street,street_cafe,0.92,1.0,0.9792947853469376,4,0,5,18,121,light_rain,3.4,28.2,0,,0,,0,,0,0,0,0,0,0,0,0,1.0,0.0,0.2857142857142857,0.3333333333333333,0.5916988581657975,Pastry|midday,0.0,3.962816025282453,5,above_p50_service_protection,4.408301141834203,0.0,7.538194952536487,"For Brioche at Bangsar Street during midday, forecast demand range is 0-4 units with median 1. Recommended prep is 5 units."
2026-05-01,brioche,morning,Brioche,Pastry,2,6.0,bangsar_street,Bangsar Street,street_cafe,0.92,1.1,1.015340004354247,4,0,5,18,121,light_rain,3.4,28.2,0,,0,,0,,2,2,2,0,0,0,0,2,0.0,0.0,1.5714285714285714,1.2,0.4562176938306793,Pastry|morning,0.0,9.619679467384977,10,above_p50_service_protection,9.543782306169321,0.0,25.76821222665717,"For Brioche at Bangsar Street during morning, forecast demand range is 0-10 units with median 0. Recommended prep is 10 units."
2026-05-01,brownie,evening,Brownie,Dessert,0,4.0,bangsar_street,Bangsar Street,street_cafe,0.92,0.9,1.0318677500263798,4,0,5,18,121,light_rain,3.4,28.2,0,,0,,0,,0,0,0,0,0,0,0,0,0.0,0.0,0.0,0.0,1.2286894111517974e-09,Dessert|evening,0.0,1.2309326506841016,0,above_p50_service_protection,0.0,1.2286894111517974e-09,6.143447055758987e-09,"For Brownie at Bangsar Street during evening, forecast demand range is 0-1 units with median 0. Recommended prep is 0 units."
2026-05-01,brownie,midday,Brownie,Dessert,0,4.0,bangsar_street,Bangsar Street,street_cafe,0.92,1.0,0.931515280405548,4,0,5,18,121,light_rain,3.4,28.2,0,,0,,0,,0,0,0,0,0,0,0,0,0.0,0.0,0.0,0.0,1.2286894111517974e-09,Dessert|midday,0.0,0.4429844387354475,0,above_p50_service_protection,0.0,1.2286894111517974e-09,6.143447055758987e-09,"For Brownie at Bangsar Street during midday, forecast demand range is 0-0 units with median 0. Recommended prep is 0 units."
2026-05-01,brownie,morning,Brownie,Dessert,0,4.0,bangsar_street,Bangsar Street,street_cafe,0.92,1.1,0.8594998577671888,4,0,5,18,121,light_rain,3.4,28.2,0,,0,,0,,0,0,0,0,0,0,0,0,0.0,0.0,0.0,0.0,1.2286894111517974e-09,Dessert|morning,0.0,0.344744682494817,0,above_p50_service_protection,0.0,1.2286894111517974e-09,6.143447055758987e-09,"For Brownie at Bangsar Street during morning, forecast demand range is 0-0 units with median 0. Recommended prep is 0 units."
2026-05-01,butter_croissant,evening,Butter Croissant,Pastry,3,1.2,bangsar_street,Bangsar Street,street_cafe,0.92,0.9,1.0049080690790688,4,0,5,18,121,light_rain,3.4,28.2,0,,0,,0,,2,2,2,0,0,0,0,2,2.0,5.0,2.571428571428572,2.5,1.365441711281155,Pastry|evening,0.0,4.109155816263284,5,above_p50_service_protection,3.634558288718845,0.0,1.9626614759081764,"For Butter Croissant at Bangsar Street during evening, forecast demand range is 0-4 units with median 1. Recommended prep is 5 units."
2026-05-01,butter_croissant,midday,Butter Croissant,Pastry,5,1.2,bangsar_street,Bangsar Street,street_cafe,0.92,1.0,1.023938801911361,4,0,5,18,121,light_rain,3.4,28.2,0,,0,,0,,5,5,5,0,0,0,0,5,3.0,9.0,5.0,3.9,1.902150729122225,Pastry|midday,0.0,5.273267896238881,5,above_p50_service_protection,3.097849270877775,0.0,1.6728386062739986,"For Butter Croissant at Bangsar Street during midday, forecast demand range is 0-5 units with median 2. Recommended prep is 5 units."
2026-05-01,butter_croissant,morning,Butter Croissant,Pastry,20,1.2363636363636363,bangsar_street,Bangsar Street,street_cafe,0.92,1.1,0.9554121440134584,4,0,5,18,121,light_rain,3.4,28.2,0,,0,,0,,19,20,19,1,0,1,0,19,27.0,33.0,32.57142857142857,33.13333333333333,21.034262917019383,Pastry|morning,11.08791182254424,30.19772469057368,30,above_p50_service_protection,8.965737082980617,0.0,4.988210086167398,"For Butter Croissant at Bangsar Street during morning, forecast demand range is 11-30 units with median 21. Recommended prep is 30 units."
2026-05-01,cake_slice,evening,Cake Slice,Dessert,0,6.2,bangsar_street,Bangsar Street,street_cafe,0.92,0.9,1.0595048672199938,4,0,5,18,121,light_rain,3.4,28.2,0,,0,,0,,0,0,0,0,0,0,0,0,0.0,0.0,0.0,0.0,1.2286894111517974e-09,Dessert|evening,0.0,1.2309326506841016,0,above_p50_service_protection,0.0,1.2286894111517974e-09,9.52234293642643e-09,"For Cake Slice at Bangsar Street during evening, forecast demand range is 0-1 units with median 0. Recommended prep is 0 units."
2026-05-01,cake_slice,midday,Cake Slice,Dessert,0,6.2,bangsar_street,Bangsar Street,street_cafe,0.92,1.0,0.7291589870599444,4,0,5,18,121,light_rain,3.4,28.2,0,,0,,0,,0,0,0,0,0,0,0,0,0.0,0.0,0.0,0.0,1.2286894111517974e-09,Dessert|midday,0.0,0.4429844387354475,0,above_p50_service_protection,0.0,1.2286894111517974e-09,9.52234293642643e-09,"For Cake Slice at Bangsar Street during midday, forecast demand range is 0-0 units with median 0. Recommended prep is 0 units."
2026-05-01,cake_slice,morning,Cake Slice,Dessert,0,6.2,bangsar_street,Bangsar Street,street_cafe,0.92,1.1,0.939654112373312,4,0,5,18,121,light_rain,3.4,28.2,0,,0,,0,,0,0,0,0,0,0,0,0,0.0,0.0,0.0,0.0,1.2286894111517974e-09,Dessert|morning,0.0,0.344744682494817,0,above_p50_service_protection,0.0,1.2286894111517974e-09,9.52234293642643e-09,"For Cake Slice at Bangsar Street during morning, forecast demand range is 0-0 units with median 0. Recommended prep is 0 units."
2026-05-01,chocolate_cookie,evening,Chocolate Cookie,Dessert,5,1.15,bangsar_street,Bangsar Street,street_cafe,0.92,0.9,1.0543887495994373,4,0,5,18,121,light_rain,3.4,28.2,0,,0,,0,,4,4,4,0,0,0,0,4,0.0,2.0,0.8571428571428571,1.2,0.6318244110712372,Dessert|evening,0.0,1.8627570605266492,0,above_p50_service_protection,0.0,0.6318244110712372,0.9082475909149035,"For Chocolate Cookie at Bangsar Street during evening, forecast demand range is 0-2 units with median 1. Recommended prep is 0 units."
2026-05-01,chocolate_cookie,midday,Chocolate Cookie,Dessert,0,2.5,bangsar_street,Bangsar Street,street_cafe,0.92,1.0,0.9959518578316332,4,0,5,18,121,light_rain,3.4,28.2,0,,0,,0,,0,0,0,0,0,0,0,0,0.0,5.0,0.1428571428571428,1.3333333333333333,0.6149390647456229,Dessert|midday,0.0,1.057923502252381,0,above_p50_service_protection,0.0,0.6149390647456229,1.9216845773300715,"For Chocolate Cookie at Bangsar Street during midday, forecast demand range is 0-1 units with median 1. Recommended prep is 0 units."
2026-05-01,chocolate_cookie,morning,Chocolate Cookie,Dessert,2,1.15,bangsar_street,Bangsar Street,street_cafe,0.92,1.1,0.9532683355244967,4,0,5,18,121,light_rain,3.4,28.2,0,,0,,0,,2,2,2,0,0,0,0,2,1.0,0.0,2.0,1.5,1.2098828707740794,Dessert|morning,0.0,1.5546275520402069,0,above_p50_service_protection,0.0,1.2098828707740794,1.739206626737739,"For Chocolate Cookie at Bangsar Street during morning, forecast demand range is 0-2 units with median 1. Recommended prep is 0 units."
2026-05-01,coffee_bun_sweet_bun,evening,Coffee Bun / Sweet Bun,Pastry,0,3.2,bangsar_street,Bangsar Street,street_cafe,0.92,0.9,0.8551172194192728,4,0,5,18,121,light_rain,3.4,28.2,0,,0,,0,,0,0,0,0,0,0,0,0,3.0,2.0,0.8571428571428571,0.8,0.2976311094944075,Pastry|evening,0.0,3.041345214476536,5,above_p50_service_protection,4.702368890505593,0.0,6.771411202328054,"For Coffee Bun / Sweet Bun at Bangsar Street during evening, forecast demand range is 0-3 units with median 0. Recommended prep is 5 units."
2026-05-01,coffee_bun_sweet_bun,midday,Coffee Bun / Sweet Bun,Pastry,0,3.2,bangsar_street,Bangsar Street,street_cafe,0.92,1.0,0.967968738911444,4,0,5,18,121,light_rain,3.4,28.2,0,,0,,0,,0,0,0,0,0,0,0,0,0.0,6.0,1.8571428571428568,2.433333333333333,0.999912923094878,Pastry|midday,0.0,4.3710300902115335,5,above_p50_service_protection,4.000087076905122,0.0,5.760125390743377,"For Coffee Bun / Sweet Bun at Bangsar Street during midday, forecast demand range is 0-4 units with median 1. Recommended prep is 5 units."
2026-05-01,coffee_bun_sweet_bun,morning,Coffee Bun / Sweet Bun,Pastry,0,3.2,bangsar_street,Bangsar Street,street_cafe,0.92,1.1,0.9631678878663232,4,0,5,18,121,light_rain,3.4,28.2,0,,0,,0,,0,0,0,0,0,0,0,0,2.0,1.0,2.0,1.8333333333333333,0.8344461320613498,Pastry|morning,0.0,9.997907905615648,10,above_p50_service_protection,9.16555386793865,0.0,13.198397569831657,"For Coffee Bun / Sweet Bun at Bangsar Street during morning, forecast demand range is 0-10 units with median 1. Recommended prep is 10 units."
2026-05-01,country_sourdough,evening,Country Sourdough,Bread,11,2.27,bangsar_street,Bangsar Street,street_cafe,0.92,0.9,0.7885204372120684,4,0,5,18,121,light_rain,3.4,28.2,0,,0,,0,,7,7,7,0,0,0,0,7,4.0,8.0,4.142857142857143,3.966666666666667,3.595050710788725,Bread|evening,0.0,15.813690927140852,15,above_p50_service_protection,11.404949289211276,0.0,11.65015569892932,"For Country Sourdough at Bangsar Street during evening, forecast demand range is 0-16 units with median 4. Recommended prep is 15 units."
2026-05-01,country_sourdough,midday,Country Sourdough,Bread,8,1.7625000000000002,bangsar_street,Bangsar Street,street_cafe,0.92,1.0,0.9572966912801946,4,0,5,18,121,light_rain,3.4,28.2,0,,0,,0,,7,6,6,0,1,0,1,7,5.0,13.0,11.0,8.7,7.335659167783957,Bread|midday,0.0,26.449647074761124,25,above_p50_service_protection,17.66434083221604,0.0,14.01003032255135,"For Country Sourdough at Bangsar Street during midday, forecast demand range is 0-26 units with median 7. Recommended prep is 25 units."
2026-05-01,country_sourdough,morning,Country Sourdough,Bread,16,1.6666666666666667,bangsar_street,Bangsar Street,street_cafe,0.92,1.1,1.0916846330320142,4,0,5,18,121,light_rain,3.4,28.2,0,,0,,0,,18,17,17,0,1,0,1,18,19.0,19.0,20.571428571428573,19.1,17.815019751309404,Bread|morning,0.0,43.35714795014881,45,above_p50_service_protection,27.184980248690596,0.0,20.38873518651795,"For Country Sourdough at Bangsar Street during morning, forecast demand range is 0-43 units with median 18. Recommended prep is 45 units."
2026-05-01,fruit_tart,evening,Fruit Tart,Dessert,3,2.2,bangsar_street,Bangsar Street,street_cafe,0.92,0.9,1.1253613898078054,4,0,5,18,121,light_rain,3.4,28.2,0,,0,,0,,3,3,3,0,0,0,0,3,2.0,0.0,2.0,1.0666666666666669,1.0147305009808325,Dessert|evening,0.2549442155511829,2.2456631504362443,0,above_p50_service_protection,0.0,1.0147305009808325,2.7905088776972895,"For Fruit Tart at Bangsar Street during evening, forecast demand range is 0-2 units with median 1. Recommended prep is 0 units."
2026-05-01,fruit_tart,midday,Fruit Tart,Dessert,0,5.5,bangsar_street,Bangsar Street,street_cafe,0.92,1.0,0.9648541454660732,4,0,5,18,121,light_rain,3.4,28.2,0,,0,,0,,0,0,0,0,0,0,0,0,4.0,6.0,2.4285714285714284,3.466666666666667,1.9278955572963732,Dessert|midday,0.2165931838630026,2.3708799948031314,0,above_p50_service_protection,0.0,1.9278955572963732,13.254281956412566,"For Fruit Tart at Bangsar Street during midday, forecast demand range is 0-2 units with median 2. Recommended prep is 0 units."
2026-05-01,fruit_tart,morning,Fruit Tart,Dessert,0,5.5,bangsar_street,Bangsar Street,street_cafe,0.92,1.1,1.1275589259048715,4,0,5,18,121,light_rain,3.4,28.2,0,,0,,0,,0,0,0,0,0,0,0,0,0.0,3.0,2.2857142857142856,2.533333333333333,0.6283649650076182,Dessert|morning,0.0,0.9731096462737456,0,above_p50_service_protection,0.0,0.6283649650076182,4.320009134427375,"For Fruit Tart at Bangsar Street during morning, forecast demand range is 0-1 units with median 1. Recommended prep is 0 units."
2026-05-01,ham_cheese_sandwich,evening,Ham & Cheese Sandwich,Savory,0,8.5,bangsar_street,Bangsar Street,street_cafe,0.92,0.9,1.0557683897658667,4,0,5,18,121,light_rain,3.4,28.2,0,,0,,0,,0,0,0,0,0,0,0,0,0.0,0.0,0.0,0.1333333333333333,0.048977041193689,Savory|evening,0.0,0.1261451083775309,0,above_p50_service_protection,0.0,0.048977041193689,0.5203810626829456,"For Ham & Cheese Sandwich at Bangsar Street during evening, forecast demand range is 0-0 units with median 0. Recommended prep is 0 units."
2026-05-01,ham_cheese_sandwich,midday,Ham & Cheese Sandwich,Savory,6,5.5,bangsar_street,Bangsar Street,street_cafe,0.92,1.0,1.058894742677433,4,0,5,18,121,light_rain,3.4,28.2,0,,0,,0,,6,5,5,0,1,0,1,6,8.0,25.0,9.0,9.433333333333334,12.619208187671289,Savory|midday,6.433717776355326,19.448575374414204,20,above_p50_service_protection,7.380791812328711,0.0,18.26745973551356,"For Ham & Cheese Sandwich at Bangsar Street during midday, forecast demand range is 6-19 units with median 13. Recommended prep is 20 units."
2026-05-01,ham_cheese_sandwich,morning,Ham & Cheese Sandwich,Savory,7,4.666666666666667,bangsar_street,Bangsar Street,street_cafe,0.92,1.1,1.043231915440861,4,0,5,18,121,light_rain,3.4,28.2,0,,0,,0,,7,7,7,0,0,0,0,7,9.0,10.0,3.857142857142857,3.9,3.1459363672606986,Savory|morning,0.0,6.9770405154186905,5,above_p50_service_protection,1.8540636327393014,0.0,3.8935336287525333,"For Ham & Cheese Sandwich at Bangsar Street during morning, forecast demand range is 0-7 units with median 3. Recommended prep is 5 units."
2026-05-01,pain_au_chocolat,evening,Pain au Chocolat,Pastry,10,1.3,bangsar_street,Bangsar Street,street_cafe,0.92,0.9,0.9614765195195526,4,0,5,18,121,light_rain,3.4,28.2,0,,0,,0,,8,8,8,0,0,0,0,8,0.0,2.0,1.4285714285714286,2.033333333333333,0.871181037434466,Pastry|evening,0.0,3.6148951424165943,5,above_p50_service_protection,4.128818962565534,0.0,2.4153590931008377,"For Pain au Chocolat at Bangsar Street during evening, forecast demand range is 0-4 units with median 1. Recommended prep is 5 units."
2026-05-01,pain_au_chocolat,midday,Pain au Chocolat,Pastry,5,1.3,bangsar_street,Bangsar Street,street_cafe,0.92,1.0,0.9177342759582636,4,0,5,18,121,light_rain,3.4,28.2,0,,0,,0,,4,4,4,0,0,0,0,4,3.0,3.0,3.4285714285714284,2.7333333333333334,1.6161816539594664,Pastry|midday,0.0,4.987298821076122,5,above_p50_service_protection,3.3838183460405338,0.0,1.9795337324337126,"For Pain au Chocolat at Bangsar Street during midday, forecast demand range is 0-5 units with median 2. Recommended prep is 5 units."
2026-05-01,pain_au_chocolat,morning,Pain au Chocolat,Pastry,21,1.3,bangsar_street,Bangsar Street,street_cafe,0.92,1.1,1.0182906844787936,4,0,5,18,121,light_rain,3.4,28.2,0,,0,,0,,22,17,17,0,5,0,1,22,19.0,29.0,27.714285714285715,27.4,18.05496695551751,Pastry|morning,8.108615861042368,27.21842872907181,25,above_p50_service_protection,6.945033044482489,0.0,4.062844331022257,"For Pain au Chocolat at Bangsar Street during morning, forecast demand range is 8-27 units with median 18. Recommended prep is 25 units."
2026-05-01,traditional_baguette,evening,Traditional Baguette,Bread,40,1.288888888888889,bangsar_street,Bangsar Street,street_cafe,0.92,0.9,1.002523778409656,4,0,5,18,121,light_rain,3.4,28.2,0,,0,,0,,33,35,33,2,0,1,0,33,29.0,41.0,26.0,21.83333333333333,25.69585169036453,Bread|evening,14.685509351923892,37.91449190671666,40,above_p50_service_protection,14.304148309635469,0.0,8.296406019588574,"For Traditional Baguette at Bangsar Street during evening, forecast demand range is 15-38 units with median 26. Recommended prep is 40 units."
2026-05-01,traditional_baguette,midday,Traditional Baguette,Bread,63,1.2361702127659575,bangsar_street,Bangsar Street,street_cafe,0.92,1.0,0.948438730280239,4,0,5,18,121,light_rain,3.4,28.2,0,,0,,0,,55,56,55,1,0,1,0,55,42.0,85.0,69.42857142857143,60.833333333333336,51.39492851208514,Bread|midday,35.972470257807814,70.5089164190623,70,above_p50_service_protection,18.605071487914863,0.0,10.349565830883705,"For Traditional Baguette at Bangsar Street during midday, forecast demand range is 36-71 units with median 51. Recommended prep is 70 units."
2026-05-01,traditional_baguette,morning,Traditional Baguette,Bread,75,1.2341463414634146,bangsar_street,Bangsar Street,street_cafe,0.92,1.1,1.0784949563443214,4,0,5,18,121,light_rain,3.4,28.2,0,,0,,0,,82,87,82,5,0,1,0,82,68.0,111.0,87.0,89.33333333333333,60.47055441144594,Bread|morning,41.56846879409705,86.01268261028534,85,above_p50_service_protection,24.52944558855406,0.0,13.622816489057952,"For Traditional Baguette at Bangsar Street during morning, forecast demand range is 42-86 units with median 60. Recommended prep is 85 units."
2026-05-01,blueberry_muffin,evening,Blueberry Muffin,Dessert,0,3.8,klcc_mall,KLCC Mall,mall,1.18,0.9,0.9699683946463816,4,0,5,18,121,light_rain,3.4,28.2,0,,0,,0,,0,0,0,0,0,0,0,0,0.0,0.0,0.0,0.0,1.2286894111517974e-09,Dessert|evening,0.0,1.2309326506841016,0,above_p50_service_protection,0.0,1.2286894111517974e-09,5.8362747029710375e-09,"For Blueberry Muffin at KLCC Mall during evening, forecast demand range is 0-1 units with median 0. Recommended prep is 0 units."
2026-05-01,blueberry_muffin,midday,Blueberry Muffin,Dessert,0,3.8,klcc_mall,KLCC Mall,mall,1.18,1.0,1.0212339236511685,4,0,5,18,121,light_rain,3.4,28.2,0,,0,,0,,0,0,0,0,0,0,0,0,0.0,0.0,0.0,0.0,1.2286894111517974e-09,Dessert|midday,0.0,0.4429844387354475,0,above_p50_service_protection,0.0,1.2286894111517974e-09,5.8362747029710375e-09,"For Blueberry Muffin at KLCC Mall during midday, forecast demand range is 0-0 units with median 0. Recommended prep is 0 units."
2026-05-01,blueberry_muffin,morning,Blueberry Muffin,Dessert,0,3.8,klcc_mall,KLCC Mall,mall,1.18,1.1,1.0103233862869787,4,0,5,18,121,light_rain,3.4,28.2,0,,0,,0,,0,0,0,0,0,0,0,0,0.0,0.0,0.0,0.0,1.2286894111517974e-09,Dessert|morning,0.0,0.344744682494817,0,above_p50_service_protection,0.0,1.2286894111517974e-09,5.8362747029710375e-09,"For Blueberry Muffin at KLCC Mall during morning, forecast demand range is 0-0 units with median 0. Recommended prep is 0 units."
2026-05-01,brioche,evening,Brioche,Pastry,0,3.8,klcc_mall,KLCC Mall,mall,1.18,0.9,0.9961826385463656,4,0,5,18,121,light_rain,3.4,28.2,0,,0,,0,,0,0,0,0,0,0,0,0,0.0,0.0,0.5714285714285714,0.3666666666666666,0.2064294496891822,Pastry|evening,0.0,2.950143554671311,5,above_p50_service_protection,4.793570550310818,0.0,8.197005641031499,"For Brioche at KLCC Mall during evening, forecast demand range is 0-3 units with median 0. Recommended prep is 5 units."
2026-05-01,brioche,midday,Brioche,Pastry,0,3.8,klcc_mall,KLCC Mall,mall,1.18,1.0,0.9301952712734748,4,0,5,18,121,light_rain,3.4,28.2,0,,0,,0,,0,0,0,0,0,0,0,0,1.0,0.0,0.2857142857142857,0.3333333333333333,0.5697449467282014,Pastry|midday,0.0,3.940862113844857,5,above_p50_service_protection,4.430255053271798,0.0,7.575736141094775,"For Brioche at KLCC Mall during midday, forecast demand range is 0-4 units with median 1. Recommended prep is 5 units."
2026-05-01,brioche,morning,Brioche,Pastry,2,6.0,klcc_mall,KLCC Mall,mall,1.18,1.1,0.8608810218240072,4,0,5,18,121,light_rain,3.4,28.2,0,,0,,0,,2,2,2,0,0,0,0,2,0.0,0.0,2.0,1.5,0.4142642170808859,Pastry|morning,0.0,9.577725990635184,10,above_p50_service_protection,9.585735782919114,0.0,25.88148661388161,"For Brioche at KLCC Mall during morning, forecast demand range is 0-10 units with median 0. Recommended prep is 10 units."
2026-05-01,brownie,evening,Brownie,Dessert,0,4.0,klcc_mall,KLCC Mall,mall,1.18,0.9,1.0062369117968033,4,0,5,18,121,light_rain,3.4,28.2,0,,0,,0,,0,0,0,0,0,0,0,0,0.0,0.0,0.0,0.0,1.2286894111517974e-09,Dessert|evening,0.0,1.2309326506841016,0,above_p50_service_protection,0.0,1.2286894111517974e-09,6.143447055758987e-09,"For Brownie at KLCC Mall during evening, forecast demand range is 0-1 units with median 0. Recommended prep is 0 units."
2026-05-01,brownie,midday,Brownie,Dessert,0,4.0,klcc_mall,KLCC Mall,mall,1.18,1.0,1.0604657203350698,4,0,5,18,121,light_rain,3.4,28.2,0,,0,,0,,0,0,0,0,0,0,0,0,0.0,0.0,0.0,0.0,1.2286894111517974e-09,Dessert|midday,0.0,0.4429844387354475,0,above_p50_service_protection,0.0,1.2286894111517974e-09,6.143447055758987e-09,"For Brownie at KLCC Mall during midday, forecast demand range is 0-0 units with median 0. Recommended prep is 0 units."
2026-05-01,brownie,morning,Brownie,Dessert,0,4.0,klcc_mall,KLCC Mall,mall,1.18,1.1,0.9779001291828804,4,0,5,18,121,light_rain,3.4,28.2,0,,0,,0,,0,0,0,0,0,0,0,0,0.0,0.0,0.0,0.0,1.2286894111517974e-09,Dessert|morning,0.0,0.344744682494817,0,above_p50_service_protection,0.0,1.2286894111517974e-09,6.143447055758987e-09,"For Brownie at KLCC Mall during morning, forecast demand range is 0-0 units with median 0. Recommended prep is 0 units."
2026-05-01,butter_croissant,evening,Butter Croissant,Pastry,3,1.2,klcc_mall,KLCC Mall,mall,1.18,0.9,1.1170538800166798,4,0,5,18,121,light_rain,3.4,28.2,0,,0,,0,,4,5,4,1,0,1,0,4,2.0,6.0,3.2857142857142856,3.1333333333333333,5.224446020467388,Pastry|evening,3.7485218879026143,7.968160125449517,10,above_p50_service_protection,4.775553979532612,0.0,2.5787991489476108,"For Butter Croissant at KLCC Mall during evening, forecast demand range is 4-8 units with median 5. Recommended prep is 10 units."
2026-05-01,butter_croissant,midday,Butter Croissant,Pastry,5,1.2,klcc_mall,KLCC Mall,mall,1.18,1.0,0.9637158738155508,4,0,5,18,121,light_rain,3.4,28.2,0,,0,,0,,6,6,6,0,0,0,0,6,5.0,12.0,6.571428571428571,5.0,2.0421129698802325,Pastry|midday,0.0,5.413230136996888,5,above_p50_service_protection,2.9578870301197675,0.0,1.5972589962646746,"For Butter Croissant at KLCC Mall during midday, forecast demand range is 0-5 units with median 2. Recommended prep is 5 units."
2026-05-01,butter_croissant,morning,Butter Croissant,Pastry,20,1.2363636363636363,klcc_mall,KLCC Mall,mall,1.18,1.1,0.999345935446134,4,0,5,18,121,light_rain,3.4,28.2,0,,0,,0,,26,25,25,0,1,0,1,26,36.0,48.0,43.142857142857146,43.3,24.24520186148547,Pastry|morning,14.298850767010329,33.408663635039765,35,above_p50_service_protection,10.75479813851453,0.0,5.983578600700812,"For Butter Croissant at KLCC Mall during morning, forecast demand range is 14-33 units with median 24. Recommended prep is 35 units."
2026-05-01,cake_slice,evening,Cake Slice,Dessert,0,6.2,klcc_mall,KLCC Mall,mall,1.18,0.9,1.0568920125547618,4,0,5,18,121,light_rain,3.4,28.2,0,,0,,0,,0,0,0,0,0,0,0,0,0.0,0.0,0.0,0.0,1.2286894111517974e-09,Dessert|evening,0.0,1.2309326506841016,0,above_p50_service_protection,0.0,1.2286894111517974e-09,9.52234293642643e-09,"For Cake Slice at KLCC Mall during evening, forecast demand range is 0-1 units with median 0. Recommended prep is 0 units."
2026-05-01,cake_slice,midday,Cake Slice,Dessert,0,6.2,klcc_mall,KLCC Mall,mall,1.18,1.0,1.1165816690622847,4,0,5,18,121,light_rain,3.4,28.2,0,,0,,0,,0,0,0,0,0,0,0,0,0.0,0.0,0.0,0.0,1.2286894111517974e-09,Dessert|midday,0.0,0.4429844387354475,0,above_p50_service_protection,0.0,1.2286894111517974e-09,9.52234293642643e-09,"For Cake Slice at KLCC Mall during midday, forecast demand range is 0-0 units with median 0. Recommended prep is 0 units."
2026-05-01,cake_slice,morning,Cake Slice,Dessert,0,6.2,klcc_mall,KLCC Mall,mall,1.18,1.1,1.2074838401655446,4,0,5,18,121,light_rain,3.4,28.2,0,,0,,0,,0,0,0,0,0,0,0,0,0.0,0.0,0.0,0.0,1.2286894111517974e-09,Dessert|morning,0.0,0.344744682494817,0,above_p50_service_protection,0.0,1.2286894111517974e-09,9.52234293642643e-09,"For Cake Slice at KLCC Mall during morning, forecast demand range is 0-0 units with median 0. Recommended prep is 0 units."
2026-05-01,chocolate_cookie,evening,Chocolate Cookie,Dessert,5,1.15,klcc_mall,KLCC Mall,mall,1.18,0.9,1.077591815492433,4,0,5,18,121,light_rain,3.4,28.2,0,,0,,0,,6,5,5,0,1,0,1,6,0.0,2.0,1.2857142857142858,1.4666666666666666,4.821580287958897,Dessert|evening,4.061794002529247,6.052512937414309,5,above_p50_service_protection,0.1784197120411033,0.0,0.09233220098127094,"For Chocolate Cookie at KLCC Mall during evening, forecast demand range is 4-6 units with median 5. Recommended prep is 5 units."
2026-05-01,chocolate_cookie,midday,Chocolate Cookie,Dessert,0,2.5,klcc_mall,KLCC Mall,mall,1.18,1.0,1.1031065913848792,4,0,5,18,121,light_rain,3.4,28.2,0,,0,,0,,0,0,0,0,0,0,0,0,0.0,8.0,0.1428571428571428,1.6,1.5426937282338966,Dessert|midday,0.0,1.9856781657406548,0,above_p50_service_protection,0.0,1.5426937282338966,4.820917900730927,"For Chocolate Cookie at KLCC Mall during midday, forecast demand range is 0-2 units with median 2. Recommended prep is 0 units."
2026-05-01,chocolate_cookie,morning,Chocolate Cookie,Dessert,2,1.15,klcc_mall,KLCC Mall,mall,1.18,1.1,1.072306055088761,4,0,5,18,121,light_rain,3.4,28.2,0,,0,,0,,3,3,3,0,0,0,0,3,1.0,0.0,2.571428571428572,1.8333333333333333,1.0774543745833918,Dessert|morning,0.0,1.4221990558495192,0,above_p50_service_protection,0.0,1.0774543745833918,1.5488406634636256,"For Chocolate Cookie at KLCC Mall during morning, forecast demand range is 0-1 units with median 1. Recommended prep is 0 units."
2026-05-01,coffee_bun_sweet_bun,evening,Coffee Bun / Sweet Bun,Pastry,0,3.2,klcc_mall,KLCC Mall,mall,1.18,0.9,0.980190957350046,4,0,5,18,121,light_rain,3.4,28.2,0,,0,,0,,0,0,0,0,0,0,0,0,3.0,2.0,0.8571428571428571,0.8333333333333334,0.1515629475318602,Pastry|evening,0.0,2.895277052513989,5,above_p50_service_protection,4.84843705246814,0.0,6.981749355554122,"For Coffee Bun / Sweet Bun at KLCC Mall during evening, forecast demand range is 0-3 units with median 0. Recommended prep is 5 units."
2026-05-01,coffee_bun_sweet_bun,midday,Coffee Bun / Sweet Bun,Pastry,0,3.2,klcc_mall,KLCC Mall,mall,1.18,1.0,0.95645425661818,4,0,5,18,121,light_rain,3.4,28.2,0,,0,,0,,0,0,0,0,0,0,0,0,0.0,7.0,2.571428571428572,3.1333333333333333,1.2917405677184404,Pastry|midday,0.0,4.662857734835096,5,above_p50_service_protection,3.70825943228156,0.0,5.3398935824854465,"For Coffee Bun / Sweet Bun at KLCC Mall during midday, forecast demand range is 0-5 units with median 1. Recommended prep is 5 units."
2026-05-01,coffee_bun_sweet_bun,morning,Coffee Bun / Sweet Bun,Pastry,0,3.2,klcc_mall,KLCC Mall,mall,1.18,1.1,0.8315568577432813,4,0,5,18,121,light_rain,3.4,28.2,0,,0,,0,,0,0,0,0,0,0,0,0,3.0,1.0,2.2857142857142856,2.1666666666666665,0.8149310340291898,Pastry|morning,0.0,9.978392807583488,10,above_p50_service_protection,9.18506896597081,0.0,13.22649931099797,"For Coffee Bun / Sweet Bun at KLCC Mall during morning, forecast demand range is 0-10 units with median 1. Recommended prep is 10 units."
2026-05-01,country_sourdough,evening,Country Sourdough,Bread,11,2.27,klcc_mall,KLCC Mall,mall,1.18,0.9,0.9468529456341604,4,0,5,18,121,light_rain,3.4,28.2,0,,0,,0,,11,11,11,0,0,0,0,11,5.0,9.0,5.0,5.066666666666666,4.467881228638892,Bread|evening,0.0,16.68652144499102,15,above_p50_service_protection,10.532118771361109,0.0,10.758559324945374,"For Country Sourdough at KLCC Mall during evening, forecast demand range is 0-17 units with median 4. Recommended prep is 15 units."
2026-05-01,country_sourdough,midday,Country Sourdough,Bread,8,1.7625000000000002,klcc_mall,KLCC Mall,mall,1.18,1.0,0.9982633232089838,4,0,5,18,121,light_rain,3.4,28.2,0,,0,,0,,9,7,7,0,2,0,1,9,6.0,15.0,14.857142857142858,11.433333333333334,9.644179551099574,Bread|midday,0.0,28.75816745807674,30,above_p50_service_protection,20.355820448900424,0.0,16.14471009353415,"For Country Sourdough at KLCC Mall during midday, forecast demand range is 0-29 units with median 10. Recommended prep is 30 units."
2026-05-01,country_sourdough,morning,Country Sourdough,Bread,16,1.6666666666666667,klcc_mall,KLCC Mall,mall,1.18,1.1,1.0265357262971675,4,0,5,18,121,light_rain,3.4,28.2,0,,0,,0,,21,22,21,1,0,1,0,21,21.0,27.0,24.857142857142858,24.933333333333334,20.83636111075925,Bread|morning,1.934275493410361,46.37848930959865,45,above_p50_service_protection,24.16363888924075,0.0,18.12272916693056,"For Country Sourdough at KLCC Mall during morning, forecast demand range is 2-46 units with median 21. Recommended prep is 45 units."
2026-05-01,fruit_tart,evening,Fruit Tart,Dessert,3,2.2,klcc_mall,KLCC Mall,mall,1.18,0.9,1.0116905312765558,4,0,5,18,121,light_rain,3.4,28.2,0,,0,,0,,3,3,3,0,0,0,0,3,2.0,0.0,2.2857142857142856,1.2,0.9828629857487116,Dessert|evening,0.2230767003190622,2.213795635204124,0,above_p50_service_protection,0.0,0.9828629857487116,2.702873210808957,"For Fruit Tart at KLCC Mall during evening, forecast demand range is 0-2 units with median 1. Recommended prep is 0 units."
2026-05-01,fruit_tart,midday,Fruit Tart,Dessert,0,5.5,klcc_mall,KLCC Mall,mall,1.18,1.0,1.0538183502798195,4,0,5,18,121,light_rain,3.4,28.2,0,,0,,0,,0,0,0,0,0,0,0,0,6.0,6.0,3.0,4.266666666666667,1.9259660631201696,Dessert|midday,0.2146636896867988,2.368950500626928,0,above_p50_service_protection,0.0,1.9259660631201696,13.241016683951166,"For Fruit Tart at KLCC Mall during midday, forecast demand range is 0-2 units with median 2. Recommended prep is 0 units."
2026-05-01,fruit_tart,morning,Fruit Tart,Dessert,0,5.5,klcc_mall,KLCC Mall,mall,1.18,1.1,0.9011403217147238,4,0,5,18,121,light_rain,3.4,28.2,0,,0,,0,,0,0,0,0,0,0,0,0,0.0,4.0,3.0,3.2,0.7116358699401396,Dessert|morning,0.0,1.0563805512062672,0,above_p50_service_protection,0.0,0.7116358699401396,4.89249660583846,"For Fruit Tart at KLCC Mall during morning, forecast demand range is 0-1 units with median 1. Recommended prep is 0 units."
2026-05-01,ham_cheese_sandwich,evening,Ham & Cheese Sandwich,Savory,0,8.5,klcc_mall,KLCC Mall,mall,1.18,0.9,0.9197048477093512,4,0,5,18,121,light_rain,3.4,28.2,0,,0,,0,,0,0,0,0,0,0,0,0,0.0,0.0,0.0,0.1333333333333333,0.0530700953508122,Savory|evening,0.0,0.1302381625346542,0,above_p50_service_protection,0.0,0.0530700953508122,0.5638697631023797,"For Ham & Cheese Sandwich at KLCC Mall during evening, forecast demand range is 0-0 units with median 0. Recommended prep is 0 units."
2026-05-01,ham_cheese_sandwich,midday,Ham & Cheese Sandwich,Savory,6,5.5,klcc_mall,KLCC Mall,mall,1.18,1.0,1.0130977804046415,4,0,5,18,121,light_rain,3.4,28.2,0,,0,,0,,7,6,6,0,1,0,1,7,11.0,27.0,12.142857142857142,12.033333333333331,14.982992639120742,Savory|midday,8.797502227804781,21.81235982586366,20,above_p50_service_protection,5.0170073608792585,0.0,12.417093218176165,"For Ham & Cheese Sandwich at KLCC Mall during midday, forecast demand range is 9-22 units with median 15. Recommended prep is 20 units."
2026-05-01,ham_cheese_sandwich,morning,Ham & Cheese Sandwich,Savory,7,4.666666666666667,klcc_mall,KLCC Mall,mall,1.18,1.1,1.0199336401030543,4,0,5,18,121,light_rain,3.4,28.2,0,,0,,0,,9,9,9,0,0,0,0,9,12.0,12.0,5.142857142857143,4.866666666666666,3.8188150732472743,Savory|morning,0.0,7.649919221405266,10,above_p50_service_protection,6.181184926752726,0.0,12.980488346180726,"For Ham & Cheese Sandwich at KLCC Mall during morning, forecast demand range is 0-8 units with median 4. Recommended prep is 10 units."
2026-05-01,pain_au_chocolat,evening,Pain au Chocolat,Pastry,10,1.3,klcc_mall,KLCC Mall,mall,1.18,0.9,0.9742501831848044,4,0,5,18,121,light_rain,3.4,28.2,0,,0,,0,,10,8,8,0,2,0,1,10,0.0,3.0,2.0,2.7,5.372743090955946,Pastry|evening,3.896818958391172,8.116457195938075,10,above_p50_service_protection,4.627256909044054,0.0,2.706945291790772,"For Pain au Chocolat at KLCC Mall during evening, forecast demand range is 4-8 units with median 5. Recommended prep is 10 units."
2026-05-01,pain_au_chocolat,midday,Pain au Chocolat,Pastry,5,1.3,klcc_mall,KLCC Mall,mall,1.18,1.0,1.0252465003357891,4,0,5,18,121,light_rain,3.4,28.2,0,,0,,0,,6,6,6,0,0,0,0,6,4.0,5.0,4.0,3.433333333333333,1.8630888232628329,Pastry|midday,0.0,5.234205990379488,5,above_p50_service_protection,3.136911176737167,0.0,1.835093038391243,"For Pain au Chocolat at KLCC Mall during midday, forecast demand range is 0-5 units with median 2. Recommended prep is 5 units."
2026-05-01,pain_au_chocolat,morning,Pain au Chocolat,Pastry,21,1.3,klcc_mall,KLCC Mall,mall,1.18,1.1,1.0640334686332171,4,0,5,18,121,light_rain,3.4,28.2,0,,0,,0,,29,26,26,0,3,0,1,29,24.0,41.0,32.142857142857146,33.3,19.37863129148133,Pastry|morning,9.432280197006188,28.54209306503563,30,above_p50_service_protection,10.62136870851867,0.0,6.213500694483423,"For Pain au Chocolat at KLCC Mall during morning, forecast demand range is 9-29 units with median 19. Recommended prep is 30 units."
2026-05-01,traditional_baguette,evening,Traditional Baguette,Bread,40,1.288888888888889,klcc_mall,KLCC Mall,mall,1.18,0.9,1.1297539302364186,4,0,5,18,121,light_rain,3.4,28.2,0,,0,,0,,48,50,48,2,0,1,0,48,38.0,46.0,34.285714285714285,28.2,34.87180444520274,Bread|evening,23.861462106762097,47.09044466155487,45,above_p50_service_protection,10.128195554797259,0.0,5.874353421782411,"For Traditional Baguette at KLCC Mall during evening, forecast demand range is 24-47 units with median 35. Recommended prep is 45 units."
2026-05-01,traditional_baguette,midday,Traditional Baguette,Bread,63,1.2361702127659575,klcc_mall,KLCC Mall,mall,1.18,1.0,1.1377261533837533,4,0,5,18,121,light_rain,3.4,28.2,0,,0,,0,,85,72,72,0,13,0,1,85,51.0,115.0,86.14285714285714,81.13333333333334,56.267677539800616,Bread|midday,40.845219285523285,75.38166544677779,75,above_p50_service_protection,18.732322460199384,0.0,10.420352568551339,"For Traditional Baguette at KLCC Mall during midday, forecast demand range is 41-75 units with median 56. Recommended prep is 75 units."
2026-05-01,traditional_baguette,morning,Traditional Baguette,Bread,75,1.2341463414634146,klcc_mall,KLCC Mall,mall,1.18,1.1,1.002659721307573,4,0,5,18,121,light_rain,3.4,28.2,0,,0,,0,,98,93,93,0,5,0,1,98,72.0,142.0,113.42857142857144,121.63333333333334,62.60773832669388,Bread|morning,43.70565270934499,88.14986652553328,90,above_p50_service_protection,27.392261673306123,0.0,15.21272678783367,"For Traditional Baguette at KLCC Mall during morning, forecast demand range is 44-88 units with median 63. Recommended prep is 90 units."
2026-05-01,blueberry_muffin,evening,Blueberry Muffin,Dessert,0,3.8,mid_valley_mall,Mid Valley Mall,mall,1.12,0.9,1.0700189908433717,4,0,5,18,121,light_rain,3.4,28.2,0,,0,,0,,0,0,0,0,0,0,0,0,0.0,0.0,0.0,0.0,1.2286894111517974e-09,Dessert|evening,0.0,1.2309326506841016,0,above_p50_service_protection,0.0,1.2286894111517974e-09,5.8362747029710375e-09,"For Blueberry Muffin at Mid Valley Mall during evening, forecast demand range is 0-1 units with median 0. Recommended prep is 0 units."
2026-05-01,blueberry_muffin,midday,Blueberry Muffin,Dessert,0,3.8,mid_valley_mall,Mid Valley Mall,mall,1.12,1.0,1.0473485855783964,4,0,5,18,121,light_rain,3.4,28.2,0,,0,,0,,0,0,0,0,0,0,0,0,0.0,0.0,0.0,0.0,1.2286894111517974e-09,Dessert|midday,0.0,0.4429844387354475,0,above_p50_service_protection,0.0,1.2286894111517974e-09,5.8362747029710375e-09,"For Blueberry Muffin at Mid Valley Mall during midday, forecast demand range is 0-0 units with median 0. Recommended prep is 0 units."
2026-05-01,blueberry_muffin,morning,Blueberry Muffin,Dessert,0,3.8,mid_valley_mall,Mid Valley Mall,mall,1.12,1.1,1.0458086849738593,4,0,5,18,121,light_rain,3.4,28.2,0,,0,,0,,0,0,0,0,0,0,0,0,0.0,0.0,0.0,0.0,1.2286894111517974e-09,Dessert|morning,0.0,0.344744682494817,0,above_p50_service_protection,0.0,1.2286894111517974e-09,5.8362747029710375e-09,"For Blueberry Muffin at Mid Valley Mall during morning, forecast demand range is 0-0 units with median 0. Recommended prep is 0 units."
2026-05-01,brioche,evening,Brioche,Pastry,0,3.8,mid_valley_mall,Mid Valley Mall,mall,1.12,0.9,1.0905395848484796,4,0,5,18,121,light_rain,3.4,28.2,0,,0,,0,,0,0,0,0,0,0,0,0,0.0,0.0,0.5714285714285714,0.3666666666666666,0.2080731810709809,Pastry|evening,0.0,2.9517872860531096,5,above_p50_service_protection,4.791926818929019,0.0,8.194194860368622,"For Brioche at Mid Valley Mall during evening, forecast demand range is 0-3 units with median 0. Recommended prep is 5 units."
2026-05-01,brioche,midday,Brioche,Pastry,0,3.8,mid_valley_mall,Mid Valley Mall,mall,1.12,1.0,0.912253225112752,4,0,5,18,121,light_rain,3.4,28.2,0,,0,,0,,0,0,0,0,0,0,0,0,1.0,0.0,0.2857142857142857,0.3333333333333333,0.57010307580377,Pastry|midday,0.0,3.9412202429204255,5,above_p50_service_protection,4.42989692419623,0.0,7.575123740375553,"For Brioche at Mid Valley Mall during midday, forecast demand range is 0-4 units with median 1. Recommended prep is 5 units."
2026-05-01,brioche,morning,Brioche,Pastry,2,6.0,mid_valley_mall,Mid Valley Mall,mall,1.12,1.1,0.936014114278704,4,0,5,18,121,light_rain,3.4,28.2,0,,0,,0,,2,2,2,0,0,0,0,2,0.0,0.0,1.7142857142857142,1.2333333333333334,0.4356232820432438,Pastry|morning,0.0,9.59908505559754,10,above_p50_service_protection,9.564376717956756,0.0,25.823817138483243,"For Brioche at Mid Valley Mall during morning, forecast demand range is 0-10 units with median 0. Recommended prep is 10 units."
2026-05-01,brownie,evening,Brownie,Dessert,0,4.0,mid_valley_mall,Mid Valley Mall,mall,1.12,0.9,0.9471641455513988,4,0,5,18,121,light_rain,3.4,28.2,0,,0,,0,,0,0,0,0,0,0,0,0,0.0,0.0,0.0,0.0,1.2286894111517974e-09,Dessert|evening,0.0,1.2309326506841016,0,above_p50_service_protection,0.0,1.2286894111517974e-09,6.143447055758987e-09,"For Brownie at Mid Valley Mall during evening, forecast demand range is 0-1 units with median 0. Recommended prep is 0 units."
2026-05-01,brownie,midday,Brownie,Dessert,0,4.0,mid_valley_mall,Mid Valley Mall,mall,1.12,1.0,0.9830574693092692,4,0,5,18,121,light_rain,3.4,28.2,0,,0,,0,,0,0,0,0,0,0,0,0,0.0,0.0,0.0,0.0,1.2286894111517974e-09,Dessert|midday,0.0,0.4429844387354475,0,above_p50_service_protection,0.0,1.2286894111517974e-09,6.143447055758987e-09,"For Brownie at Mid Valley Mall during midday, forecast demand range is 0-0 units with median 0. Recommended prep is 0 units."
2026-05-01,brownie,morning,Brownie,Dessert,0,4.0,mid_valley_mall,Mid Valley Mall,mall,1.12,1.1,0.9930223451602246,4,0,5,18,121,light_rain,3.4,28.2,0,,0,,0,,0,0,0,0,0,0,0,0,0.0,0.0,0.0,0.0,1.2286894111517974e-09,Dessert|morning,0.0,0.344744682494817,0,above_p50_service_protection,0.0,1.2286894111517974e-09,6.143447055758987e-09,"For Brownie at Mid Valley Mall during morning, forecast demand range is 0-0 units with median 0. Recommended prep is 0 units."
2026-05-01,butter_croissant,evening,Butter Croissant,Pastry,3,1.2,mid_valley_mall,Mid Valley Mall,mall,1.12,0.9,1.049383526452925,4,0,5,18,121,light_rain,3.4,28.2,0,,0,,0,,3,3,3,0,0,0,0,3,2.0,5.0,3.142857142857143,3.033333333333333,1.3826502200312456,Pastry|evening,0.0,4.126364325013374,5,above_p50_service_protection,3.6173497799687544,0.0,1.9533688811831276,"For Butter Croissant at Mid Valley Mall during evening, forecast demand range is 0-4 units with median 1. Recommended prep is 5 units."
2026-05-01,butter_croissant,midday,Butter Croissant,Pastry,5,1.2,mid_valley_mall,Mid Valley Mall,mall,1.12,1.0,1.0952039342879802,4,0,5,18,121,light_rain,3.4,28.2,0,,0,,0,,6,5,5,0,1,0,1,6,5.0,11.0,6.0,4.733333333333333,6.907461084584858,Pastry|midday,4.6551501388197,10.278578251701514,10,above_p50_service_protection,3.092538915415142,0.0,1.6699710143241768,"For Butter Croissant at Mid Valley Mall during midday, forecast demand range is 5-10 units with median 7. Recommended prep is 10 units."
2026-05-01,butter_croissant,morning,Butter Croissant,Pastry,20,1.2363636363636363,mid_valley_mall,Mid Valley Mall,mall,1.12,1.1,0.869532976550995,4,0,5,18,121,light_rain,3.4,28.2,0,,0,,0,,21,19,19,0,2,0,1,21,33.0,35.0,40.285714285714285,41.8,20.55036625931656,Pastry|morning,10.60401516484142,29.713828032870857,30,above_p50_service_protection,9.449633740683439,0.0,5.25743259027115,"For Butter Croissant at Mid Valley Mall during morning, forecast demand range is 11-30 units with median 21. Recommended prep is 30 units."
2026-05-01,cake_slice,evening,Cake Slice,Dessert,0,6.2,mid_valley_mall,Mid Valley Mall,mall,1.12,0.9,0.9642156154398824,4,0,5,18,121,light_rain,3.4,28.2,0,,0,,0,,0,0,0,0,0,0,0,0,0.0,0.0,0.0,0.0,1.2286894111517974e-09,Dessert|evening,0.0,1.2309326506841016,0,above_p50_service_protection,0.0,1.2286894111517974e-09,9.52234293642643e-09,"For Cake Slice at Mid Valley Mall during evening, forecast demand range is 0-1 units with median 0. Recommended prep is 0 units."
2026-05-01,cake_slice,midday,Cake Slice,Dessert,0,6.2,mid_valley_mall,Mid Valley Mall,mall,1.12,1.0,1.0378505322394205,4,0,5,18,121,light_rain,3.4,28.2,0,,0,,0,,0,0,0,0,0,0,0,0,0.0,0.0,0.0,0.0,1.2286894111517974e-09,Dessert|midday,0.0,0.4429844387354475,0,above_p50_service_protection,0.0,1.2286894111517974e-09,9.52234293642643e-09,"For Cake Slice at Mid Valley Mall during midday, forecast demand range is 0-0 units with median 0. Recommended prep is 0 units."
2026-05-01,cake_slice,morning,Cake Slice,Dessert,0,6.2,mid_valley_mall,Mid Valley Mall,mall,1.12,1.1,0.8812568169970794,4,0,5,18,121,light_rain,3.4,28.2,0,,0,,0,,0,0,0,0,0,0,0,0,0.0,0.0,0.0,0.0,1.2286894111517974e-09,Dessert|morning,0.0,0.344744682494817,0,above_p50_service_protection,0.0,1.2286894111517974e-09,9.52234293642643e-09,"For Cake Slice at Mid Valley Mall during morning, forecast demand range is 0-0 units with median 0. Recommended prep is 0 units."
2026-05-01,chocolate_cookie,evening,Chocolate Cookie,Dessert,5,1.15,mid_valley_mall,Mid Valley Mall,mall,1.12,0.9,0.9785238908616702,4,0,5,18,121,light_rain,3.4,28.2,0,,0,,0,,5,4,4,0,1,0,1,5,0.0,2.0,1.1428571428571428,1.4333333333333331,4.787302622245806,Dessert|evening,4.0275163368161575,6.018235271701219,5,above_p50_service_protection,0.21269737775419362,0.0,0.11007089298779518,"For Chocolate Cookie at Mid Valley Mall during evening, forecast demand range is 4-6 units with median 5. Recommended prep is 5 units."
2026-05-01,chocolate_cookie,midday,Chocolate Cookie,Dessert,0,2.5,mid_valley_mall,Mid Valley Mall,mall,1.12,1.0,1.004632152786155,4,0,5,18,121,light_rain,3.4,28.2,0,,0,,0,,0,0,0,0,0,0,0,0,0.0,6.0,0.1428571428571428,1.4333333333333331,0.7309805908842782,Dessert|midday,0.0,1.1739650283910363,0,above_p50_service_protection,0.0,0.7309805908842782,2.2843143465133697,"For Chocolate Cookie at Mid Valley Mall during midday, forecast demand range is 0-1 units with median 1. Recommended prep is 0 units."
2026-05-01,chocolate_cookie,morning,Chocolate Cookie,Dessert,2,1.15,mid_valley_mall,Mid Valley Mall,mall,1.12,1.1,0.8757154190576141,4,0,5,18,121,light_rain,3.4,28.2,0,,0,,0,,2,2,2,0,0,0,0,2,1.0,0.0,2.142857142857143,1.6666666666666667,1.1605276218353633,Dessert|morning,0.0,1.5052723031014907,0,above_p50_service_protection,0.0,1.1605276218353633,1.6682584563883347,"For Chocolate Cookie at Mid Valley Mall during morning, forecast demand range is 0-2 units with median 1. Recommended prep is 0 units."
2026-05-01,coffee_bun_sweet_bun,evening,Coffee Bun / Sweet Bun,Pastry,0,3.2,mid_valley_mall,Mid Valley Mall,mall,1.12,0.9,1.0553971296221332,4,0,5,18,121,light_rain,3.4,28.2,0,,0,,0,,0,0,0,0,0,0,0,0,3.0,2.0,0.8571428571428571,0.8,0.3005894652079746,Pastry|evening,0.0,3.044303570190104,5,above_p50_service_protection,4.699410534792025,0.0,6.767151170100517,"For Coffee Bun / Sweet Bun at Mid Valley Mall during evening, forecast demand range is 0-3 units with median 0. Recommended prep is 5 units."
2026-05-01,coffee_bun_sweet_bun,midday,Coffee Bun / Sweet Bun,Pastry,0,3.2,mid_valley_mall,Mid Valley Mall,mall,1.12,1.0,0.9882010888006234,4,0,5,18,121,light_rain,3.4,28.2,0,,0,,0,,0,0,0,0,0,0,0,0,0.0,8.0,2.4285714285714284,3.1333333333333333,1.308665519660698,Pastry|midday,0.0,4.6797826867773535,5,above_p50_service_protection,3.691334480339302,0.0,5.315521651688596,"For Coffee Bun / Sweet Bun at Mid Valley Mall during midday, forecast demand range is 0-5 units with median 1. Recommended prep is 5 units."
2026-05-01,coffee_bun_sweet_bun,morning,Coffee Bun / Sweet Bun,Pastry,0,3.2,mid_valley_mall,Mid Valley Mall,mall,1.12,1.1,0.985689487218662,4,0,5,18,121,light_rain,3.4,28.2,0,,0,,0,,0,0,0,0,0,0,0,0,3.0,1.0,2.2857142857142856,2.1666666666666665,0.8168730602355982,Pastry|morning,0.0,9.980334833789897,10,above_p50_service_protection,9.183126939764401,0.0,13.223702793260738,"For Coffee Bun / Sweet Bun at Mid Valley Mall during morning, forecast demand range is 0-10 units with median 1. Recommended prep is 10 units."
2026-05-01,country_sourdough,evening,Country Sourdough,Bread,11,2.27,mid_valley_mall,Mid Valley Mall,mall,1.12,0.9,0.9872631690048452,4,0,5,18,121,light_rain,3.4,28.2,0,,0,,0,,11,9,9,0,2,0,1,11,5.0,8.0,4.857142857142857,4.733333333333333,7.226524823389182,Bread|evening,0.0,19.445165039741312,20,above_p50_service_protection,12.773475176610818,0.0,13.04810489290795,"For Country Sourdough at Mid Valley Mall during evening, forecast demand range is 0-19 units with median 7. Recommended prep is 20 units."
2026-05-01,country_sourdough,midday,Country Sourdough,Bread,8,1.7625000000000002,mid_valley_mall,Mid Valley Mall,mall,1.12,1.0,0.8396684893189119,4,0,5,18,121,light_rain,3.4,28.2,0,,0,,0,,8,8,8,0,0,0,0,8,6.0,14.0,13.285714285714286,10.566666666666666,6.58446712454811,Bread|midday,0.0,25.698455031525278,25,above_p50_service_protection,18.41553287545189,0.0,14.605819511842782,"For Country Sourdough at Mid Valley Mall during midday, forecast demand range is 0-26 units with median 7. Recommended prep is 25 units."
2026-05-01,country_sourdough,morning,Country Sourdough,Bread,16,1.6666666666666667,mid_valley_mall,Mid Valley Mall,mall,1.12,1.1,0.9043097814274595,4,0,5,18,121,light_rain,3.4,28.2,0,,0,,0,,18,17,17,0,1,0,1,18,20.0,28.0,23.285714285714285,24.166666666666668,19.956461622577542,Bread|morning,1.054376005228658,45.49858982141695,45,above_p50_service_protection,25.043538377422458,0.0,18.78265378306684,"For Country Sourdough at Mid Valley Mall during morning, forecast demand range is 1-45 units with median 20. Recommended prep is 45 units."
2026-05-01,fruit_tart,evening,Fruit Tart,Dessert,3,2.2,mid_valley_mall,Mid Valley Mall,mall,1.12,0.9,1.026399213238007,4,0,5,18,121,light_rain,3.4,28.2,0,,0,,0,,3,3,3,0,0,0,0,3,2.0,0.0,2.4285714285714284,1.2,1.0110278013315348,Dessert|evening,0.2512415159018855,2.241960450786947,0,above_p50_service_protection,0.0,1.0110278013315348,2.7803264536617207,"For Fruit Tart at Mid Valley Mall during evening, forecast demand range is 0-2 units with median 1. Recommended prep is 0 units."
2026-05-01,fruit_tart,midday,Fruit Tart,Dessert,0,5.5,mid_valley_mall,Mid Valley Mall,mall,1.12,1.0,1.092946321645654,4,0,5,18,121,light_rain,3.4,28.2,0,,0,,0,,0,0,0,0,0,0,0,0,5.0,7.0,2.571428571428572,4.0,1.7805723637635,Dessert|midday,0.0692699903301292,2.223556801270258,0,above_p50_service_protection,0.0,1.7805723637635,12.241435000874063,"For Fruit Tart at Mid Valley Mall during midday, forecast demand range is 0-2 units with median 2. Recommended prep is 0 units."
2026-05-01,fruit_tart,morning,Fruit Tart,Dessert,0,5.5,mid_valley_mall,Mid Valley Mall,mall,1.12,1.1,0.7585767636627516,4,0,5,18,121,light_rain,3.4,28.2,0,,0,,0,,0,0,0,0,0,0,0,0,0.0,4.0,3.2857142857142856,3.2666666666666666,0.7026496667058317,Dessert|morning,0.0,1.0473943479719594,0,above_p50_service_protection,0.0,0.7026496667058317,4.830716458602593,"For Fruit Tart at Mid Valley Mall during morning, forecast demand range is 0-1 units with median 1. Recommended prep is 0 units."
2026-05-01,ham_cheese_sandwich,evening,Ham & Cheese Sandwich,Savory,0,8.5,mid_valley_mall,Mid Valley Mall,mall,1.12,0.9,1.0429544378121811,4,0,5,18,121,light_rain,3.4,28.2,0,,0,,0,,0,0,0,0,0,0,0,0,0.0,0.0,0.0,0.1333333333333333,0.0532615050478301,Savory|evening,0.0,0.130429572231672,0,above_p50_service_protection,0.0,0.0532615050478301,0.5659034911331948,"For Ham & Cheese Sandwich at Mid Valley Mall during evening, forecast demand range is 0-0 units with median 0. Recommended prep is 0 units."
2026-05-01,ham_cheese_sandwich,midday,Ham & Cheese Sandwich,Savory,6,5.5,mid_valley_mall,Mid Valley Mall,mall,1.12,1.0,0.9385268318808774,4,0,5,18,121,light_rain,3.4,28.2,0,,0,,0,,6,6,6,0,0,0,0,6,10.0,33.0,11.428571428571429,11.533333333333331,8.73487996437612,Savory|midday,2.549389553060159,15.56424715111904,15,above_p50_service_protection,6.26512003562388,0.0,15.506172088169105,"For Ham & Cheese Sandwich at Mid Valley Mall during midday, forecast demand range is 3-16 units with median 9. Recommended prep is 15 units."
2026-05-01,ham_cheese_sandwich,morning,Ham & Cheese Sandwich,Savory,7,4.666666666666667,mid_valley_mall,Mid Valley Mall,mall,1.12,1.1,0.9664822146865816,4,0,5,18,121,light_rain,3.4,28.2,0,,0,,0,,8,8,8,0,0,0,0,8,12.0,12.0,4.571428571428571,4.533333333333333,3.897424840249352,Savory|morning,0.0,7.728528988407344,10,above_p50_service_protection,6.102575159750648,0.0,12.815407835476362,"For Ham & Cheese Sandwich at Mid Valley Mall during morning, forecast demand range is 0-8 units with median 4. Recommended prep is 10 units."
2026-05-01,pain_au_chocolat,evening,Pain au Chocolat,Pastry,10,1.3,mid_valley_mall,Mid Valley Mall,mall,1.12,0.9,0.9976662125600974,4,0,5,18,121,light_rain,3.4,28.2,0,,0,,0,,10,9,9,0,1,0,1,10,0.0,3.0,1.8571428571428568,2.533333333333333,5.230720566251306,Pastry|evening,3.754796433686532,7.974434671233435,10,above_p50_service_protection,4.769279433748694,0.0,2.790028468742986,"For Pain au Chocolat at Mid Valley Mall during evening, forecast demand range is 4-8 units with median 5. Recommended prep is 10 units."
2026-05-01,pain_au_chocolat,midday,Pain au Chocolat,Pastry,5,1.3,mid_valley_mall,Mid Valley Mall,mall,1.12,1.0,0.9495542086741424,4,0,5,18,121,light_rain,3.4,28.2,0,,0,,0,,5,5,5,0,0,0,0,5,3.0,4.0,4.0,3.2,1.582050843969549,Pastry|midday,0.0,4.953168011086205,5,above_p50_service_protection,3.417949156030451,0.0,1.9995002562778141,"For Pain au Chocolat at Mid Valley Mall during midday, forecast demand range is 0-5 units with median 2. Recommended prep is 5 units."
2026-05-01,pain_au_chocolat,morning,Pain au Chocolat,Pastry,21,1.3,mid_valley_mall,Mid Valley Mall,mall,1.12,1.1,0.8962048774848455,4,0,5,18,121,light_rain,3.4,28.2,0,,0,,0,,23,22,22,0,1,0,1,23,22.0,41.0,32.42857142857143,31.6,19.46569718211421,Pastry|morning,9.519346087639066,28.629158955668508,30,above_p50_service_protection,10.534302817885791,0.0,6.1625671484631885,"For Pain au Chocolat at Mid Valley Mall during morning, forecast demand range is 10-29 units with median 19. Recommended prep is 30 units."
2026-05-01,traditional_baguette,evening,Traditional Baguette,Bread,40,1.288888888888889,mid_valley_mall,Mid Valley Mall,mall,1.12,0.9,0.8134550250370873,4,0,5,18,121,light_rain,3.4,28.2,0,,0,,0,,33,31,31,0,2,0,1,33,36.0,41.0,31.142857142857142,26.266666666666666,33.19190853242596,Bread|evening,22.18156619398531,45.41054874877808,45,above_p50_service_protection,11.808091467574037,0.0,6.848693051192942,"For Traditional Baguette at Mid Valley Mall during evening, forecast demand range is 22-45 units with median 33. Recommended prep is 45 units."
2026-05-01,traditional_baguette,midday,Traditional Baguette,Bread,63,1.2361702127659575,mid_valley_mall,Mid Valley Mall,mall,1.12,1.0,0.962836451039902,4,0,5,18,121,light_rain,3.4,28.2,0,,0,,0,,68,64,64,0,4,0,1,68,51.0,91.0,86.57142857142857,76.16666666666667,56.59602972960271,Bread|midday,41.173571475325375,75.71001763657986,75,above_p50_service_protection,18.403970270397288,0.0,10.237697930202918,"For Traditional Baguette at Mid Valley Mall during midday, forecast demand range is 41-76 units with median 57. Recommended prep is 75 units."
2026-05-01,traditional_baguette,morning,Traditional Baguette,Bread,75,1.2341463414634146,mid_valley_mall,Mid Valley Mall,mall,1.12,1.1,0.9533917786483016,4,0,5,18,121,light_rain,3.4,28.2,0,,0,,0,,88,86,86,0,2,0,1,88,78.0,142.0,112.71428571428572,111.76666666666668,65.79694521597806,Bread|morning,46.89485959862917,91.33907341481746,90,above_p50_service_protection,24.203054784021944,0.0,13.441550181272676,"For Traditional Baguette at Mid Valley Mall during morning, forecast demand range is 47-91 units with median 66. Recommended prep is 90 units."
2026-05-01,blueberry_muffin,evening,Blueberry Muffin,Dessert,0,3.8,mont_kiara_premium,Mont Kiara Premium,premium,1.08,0.9,1.159426563539721,4,0,5,18,121,light_rain,3.4,28.2,0,,0,,0,,0,0,0,0,0,0,0,0,0.0,0.0,0.0,0.0,1.2286894111517974e-09,Dessert|evening,0.0,1.2309326506841016,0,above_p50_service_protection,0.0,1.2286894111517974e-09,5.8362747029710375e-09,"For Blueberry Muffin at Mont Kiara Premium during evening, forecast demand range is 0-1 units with median 0. Recommended prep is 0 units."
2026-05-01,blueberry_muffin,midday,Blueberry Muffin,Dessert,0,3.8,mont_kiara_premium,Mont Kiara Premium,premium,1.08,1.0,0.930963918646096,4,0,5,18,121,light_rain,3.4,28.2,0,,0,,0,,0,0,0,0,0,0,0,0,0.0,0.0,0.0,0.0,1.2286894111517974e-09,Dessert|midday,0.0,0.4429844387354475,0,above_p50_service_protection,0.0,1.2286894111517974e-09,5.8362747029710375e-09,"For Blueberry Muffin at Mont Kiara Premium during midday, forecast demand range is 0-0 units with median 0. Recommended prep is 0 units."
2026-05-01,blueberry_muffin,morning,Blueberry Muffin,Dessert,0,3.8,mont_kiara_premium,Mont Kiara Premium,premium,1.08,1.1,1.0384194667325377,4,0,5,18,121,light_rain,3.4,28.2,0,,0,,0,,0,0,0,0,0,0,0,0,0.0,0.0,0.0,0.0,1.2286894111517974e-09,Dessert|morning,0.0,0.344744682494817,0,above_p50_service_protection,0.0,1.2286894111517974e-09,5.8362747029710375e-09,"For Blueberry Muffin at Mont Kiara Premium during morning, forecast demand range is 0-0 units with median 0. Recommended prep is 0 units."
2026-05-01,brioche,evening,Brioche,Pastry,0,3.8,mont_kiara_premium,Mont Kiara Premium,premium,1.08,0.9,0.7857781854268652,4,0,5,18,121,light_rain,3.4,28.2,0,,0,,0,,0,0,0,0,0,0,0,0,0.0,0.0,0.5714285714285714,0.3666666666666666,0.2072459191058405,Pastry|evening,0.0,2.950960024087969,5,above_p50_service_protection,4.792754080894159,0.0,8.195609478329013,"For Brioche at Mont Kiara Premium during evening, forecast demand range is 0-3 units with median 0. Recommended prep is 5 units."
2026-05-01,brioche,midday,Brioche,Pastry,0,3.8,mont_kiara_premium,Mont Kiara Premium,premium,1.08,1.0,0.9304536429879858,4,0,5,18,121,light_rain,3.4,28.2,0,,0,,0,,0,0,0,0,0,0,0,0,1.0,0.0,0.2857142857142857,0.3333333333333333,0.5701321120736803,Pastry|midday,0.0,3.941249279190336,5,above_p50_service_protection,4.42986788792632,0.0,7.575074088354007,"For Brioche at Mont Kiara Premium during midday, forecast demand range is 0-4 units with median 1. Recommended prep is 5 units."
2026-05-01,brioche,morning,Brioche,Pastry,2,6.0,mont_kiara_premium,Mont Kiara Premium,premium,1.08,1.1,0.9718474828158724,4,0,5,18,121,light_rain,3.4,28.2,0,,0,,0,,2,2,2,0,0,0,0,2,0.0,0.0,1.7142857142857142,1.2333333333333334,0.435862118473327,Pastry|morning,0.0,9.599323892027623,10,above_p50_service_protection,9.564137881526673,0.0,25.82317228012202,"For Brioche at Mont Kiara Premium during morning, forecast demand range is 0-10 units with median 0. Recommended prep is 10 units."
2026-05-01,brownie,evening,Brownie,Dessert,0,4.0,mont_kiara_premium,Mont Kiara Premium,premium,1.08,0.9,1.0935357622666444,4,0,5,18,121,light_rain,3.4,28.2,0,,0,,0,,0,0,0,0,0,0,0,0,0.0,0.0,0.0,0.0,1.2286894111517974e-09,Dessert|evening,0.0,1.2309326506841016,0,above_p50_service_protection,0.0,1.2286894111517974e-09,6.143447055758987e-09,"For Brownie at Mont Kiara Premium during evening, forecast demand range is 0-1 units with median 0. Recommended prep is 0 units."
2026-05-01,brownie,midday,Brownie,Dessert,0,4.0,mont_kiara_premium,Mont Kiara Premium,premium,1.08,1.0,0.9433303718681392,4,0,5,18,121,light_rain,3.4,28.2,0,,0,,0,,0,0,0,0,0,0,0,0,0.0,0.0,0.0,0.0,1.2286894111517974e-09,Dessert|midday,0.0,0.4429844387354475,0,above_p50_service_protection,0.0,1.2286894111517974e-09,6.143447055758987e-09,"For Brownie at Mont Kiara Premium during midday, forecast demand range is 0-0 units with median 0. Recommended prep is 0 units."
2026-05-01,brownie,morning,Brownie,Dessert,0,4.0,mont_kiara_premium,Mont Kiara Premium,premium,1.08,1.1,1.0514354714761371,4,0,5,18,121,light_rain,3.4,28.2,0,,0,,0,,0,0,0,0,0,0,0,0,0.0,0.0,0.0,0.0,1.2286894111517974e-09,Dessert|morning,0.0,0.344744682494817,0,above_p50_service_protection,0.0,1.2286894111517974e-09,6.143447055758987e-09,"For Brownie at Mont Kiara Premium during morning, forecast demand range is 0-0 units with median 0. Recommended prep is 0 units."
2026-05-01,butter_croissant,evening,Butter Croissant,Pastry,3,1.2,mont_kiara_premium,Mont Kiara Premium,premium,1.08,0.9,0.9024746482035934,4,0,5,18,121,light_rain,3.4,28.2,0,,0,,0,,3,3,3,0,0,0,0,3,2.0,5.0,3.2857142857142856,2.933333333333333,1.375868598317294,Pastry|evening,0.0,4.119582703299423,5,above_p50_service_protection,3.624131401682706,0.0,1.9570309569086612,"For Butter Croissant at Mont Kiara Premium during evening, forecast demand range is 0-4 units with median 1. Recommended prep is 5 units."
2026-05-01,butter_croissant,midday,Butter Croissant,Pastry,5,1.2,mont_kiara_premium,Mont Kiara Premium,premium,1.08,1.0,1.075794850924326,4,0,5,18,121,light_rain,3.4,28.2,0,,0,,0,,6,6,6,0,0,0,0,6,4.0,11.0,6.142857142857143,4.666666666666667,1.978073575977916,Pastry|midday,0.0,5.349190743094571,5,above_p50_service_protection,3.021926424022084,0.0,1.6318402689719254,"For Butter Croissant at Mont Kiara Premium during midday, forecast demand range is 0-5 units with median 2. Recommended prep is 5 units."
2026-05-01,butter_croissant,morning,Butter Croissant,Pastry,20,1.2363636363636363,mont_kiara_premium,Mont Kiara Premium,premium,1.08,1.1,1.1134908249651163,4,0,5,18,121,light_rain,3.4,28.2,0,,0,,0,,26,24,24,0,2,0,1,26,33.0,35.0,39.71428571428572,40.56666666666667,20.69913044822752,Pastry|morning,10.75277935375238,29.862592221781817,30,above_p50_service_protection,9.300869551772479,0.0,5.174665605167961,"For Butter Croissant at Mont Kiara Premium during morning, forecast demand range is 11-30 units with median 21. Recommended prep is 30 units."
2026-05-01,cake_slice,evening,Cake Slice,Dessert,0,6.2,mont_kiara_premium,Mont Kiara Premium,premium,1.08,0.9,1.1440404786753935,4,0,5,18,121,light_rain,3.4,28.2,0,,0,,0,,0,0,0,0,0,0,0,0,0.0,0.0,0.0,0.0,1.2286894111517974e-09,Dessert|evening,0.0,1.2309326506841016,0,above_p50_service_protection,0.0,1.2286894111517974e-09,9.52234293642643e-09,"For Cake Slice at Mont Kiara Premium during evening, forecast demand range is 0-1 units with median 0. Recommended prep is 0 units."
2026-05-01,cake_slice,midday,Cake Slice,Dessert,0,6.2,mont_kiara_premium,Mont Kiara Premium,premium,1.08,1.0,0.8722782781230807,4,0,5,18,121,light_rain,3.4,28.2,0,,0,,0,,0,0,0,0,0,0,0,0,0.0,0.0,0.0,0.0,1.2286894111517974e-09,Dessert|midday,0.0,0.4429844387354475,0,above_p50_service_protection,0.0,1.2286894111517974e-09,9.52234293642643e-09,"For Cake Slice at Mont Kiara Premium during midday, forecast demand range is 0-0 units with median 0. Recommended prep is 0 units."
2026-05-01,cake_slice,morning,Cake Slice,Dessert,0,6.2,mont_kiara_premium,Mont Kiara Premium,premium,1.08,1.1,1.009976405507007,4,0,5,18,121,light_rain,3.4,28.2,0,,0,,0,,0,0,0,0,0,0,0,0,0.0,0.0,0.0,0.0,1.2286894111517974e-09,Dessert|morning,0.0,0.344744682494817,0,above_p50_service_protection,0.0,1.2286894111517974e-09,9.52234293642643e-09,"For Cake Slice at Mont Kiara Premium during morning, forecast demand range is 0-0 units with median 0. Recommended prep is 0 units."
2026-05-01,chocolate_cookie,evening,Chocolate Cookie,Dessert,5,1.15,mont_kiara_premium,Mont Kiara Premium,premium,1.08,0.9,1.0293410770408258,4,0,5,18,121,light_rain,3.4,28.2,0,,0,,0,,5,5,5,0,0,0,0,5,0.0,2.0,1.1428571428571428,1.4,0.6580593254390363,Dessert|evening,0.0,1.8889919748944488,0,above_p50_service_protection,0.0,0.6580593254390363,0.9459602803186147,"For Chocolate Cookie at Mont Kiara Premium during evening, forecast demand range is 0-2 units with median 1. Recommended prep is 0 units."
2026-05-01,chocolate_cookie,midday,Chocolate Cookie,Dessert,0,2.5,mont_kiara_premium,Mont Kiara Premium,premium,1.08,1.0,1.0462280978662513,4,0,5,18,121,light_rain,3.4,28.2,0,,0,,0,,0,0,0,0,0,0,0,0,0.0,6.0,0.1428571428571428,1.5333333333333334,0.814856443734129,Dessert|midday,0.0,1.2578408812408872,0,above_p50_service_protection,0.0,0.814856443734129,2.546426386669153,"For Chocolate Cookie at Mont Kiara Premium during midday, forecast demand range is 0-1 units with median 1. Recommended prep is 0 units."
2026-05-01,chocolate_cookie,morning,Chocolate Cookie,Dessert,2,1.15,mont_kiara_premium,Mont Kiara Premium,premium,1.08,1.1,0.845657221681742,4,0,5,18,121,light_rain,3.4,28.2,0,,0,,0,,2,2,2,0,0,0,0,2,1.0,0.0,2.2857142857142856,1.6333333333333333,1.0933523166629158,Dessert|morning,0.0,1.4380969979290432,0,above_p50_service_protection,0.0,1.0933523166629158,1.5716939552029414,"For Chocolate Cookie at Mont Kiara Premium during morning, forecast demand range is 0-1 units with median 1. Recommended prep is 0 units."
2026-05-01,coffee_bun_sweet_bun,evening,Coffee Bun / Sweet Bun,Pastry,0,3.2,mont_kiara_premium,Mont Kiara Premium,premium,1.08,0.9,0.9337719474002236,4,0,5,18,121,light_rain,3.4,28.2,0,,0,,0,,0,0,0,0,0,0,0,0,3.0,2.0,0.8571428571428571,0.7666666666666667,0.3037018748295778,Pastry|evening,0.0,3.0474159798117064,5,above_p50_service_protection,4.696298125170422,0.0,6.762669300245409,"For Coffee Bun / Sweet Bun at Mont Kiara Premium during evening, forecast demand range is 0-3 units with median 0. Recommended prep is 5 units."
2026-05-01,coffee_bun_sweet_bun,midday,Coffee Bun / Sweet Bun,Pastry,0,3.2,mont_kiara_premium,Mont Kiara Premium,premium,1.08,1.0,1.1412522284668762,4,0,5,18,121,light_rain,3.4,28.2,0,,0,,0,,0,0,0,0,0,0,0,0,0.0,7.0,2.2857142857142856,2.933333333333333,1.3108649623900193,Pastry|midday,0.0,4.681982129506675,5,above_p50_service_protection,3.6891350376099807,0.0,5.312354454158373,"For Coffee Bun / Sweet Bun at Mont Kiara Premium during midday, forecast demand range is 0-5 units with median 1. Recommended prep is 5 units."
2026-05-01,coffee_bun_sweet_bun,morning,Coffee Bun / Sweet Bun,Pastry,0,3.2,mont_kiara_premium,Mont Kiara Premium,premium,1.08,1.1,0.9675012700085628,4,0,5,18,121,light_rain,3.4,28.2,0,,0,,0,,0,0,0,0,0,0,0,0,2.0,1.0,2.142857142857143,2.066666666666667,0.8197279935528805,Pastry|morning,0.0,9.98318976710718,10,above_p50_service_protection,9.180272006447119,0.0,13.219591689283853,"For Coffee Bun / Sweet Bun at Mont Kiara Premium during morning, forecast demand range is 0-10 units with median 1. Recommended prep is 10 units."
2026-05-01,country_sourdough,evening,Country Sourdough,Bread,11,2.27,mont_kiara_premium,Mont Kiara Premium,premium,1.08,0.9,1.00376423582583,4,0,5,18,121,light_rain,3.4,28.2,0,,0,,0,,11,10,10,0,1,0,1,11,5.0,8.0,4.857142857142857,4.666666666666667,6.985635601381233,Bread|evening,0.0,19.20427581773336,20,above_p50_service_protection,13.014364398618767,0.0,13.29417323318907,"For Country Sourdough at Mont Kiara Premium during evening, forecast demand range is 0-19 units with median 7. Recommended prep is 20 units."
2026-05-01,country_sourdough,midday,Country Sourdough,Bread,8,1.7625000000000002,mont_kiara_premium,Mont Kiara Premium,premium,1.08,1.0,1.045782974691992,4,0,5,18,121,light_rain,3.4,28.2,0,,0,,0,,9,8,8,0,1,0,1,9,6.0,13.0,12.571428571428571,10.2,9.129414096036031,Bread|midday,0.0,28.2434020030132,30,above_p50_service_protection,20.87058590396397,0.0,16.552983445081427,"For Country Sourdough at Mont Kiara Premium during midday, forecast demand range is 0-28 units with median 9. Recommended prep is 30 units."
2026-05-01,country_sourdough,morning,Country Sourdough,Bread,16,1.6666666666666667,mont_kiara_premium,Mont Kiara Premium,premium,1.08,1.1,1.0145677676949254,4,0,5,18,121,light_rain,3.4,28.2,0,,0,,0,,19,24,19,5,0,1,0,19,21.0,30.0,22.714285714285715,23.4,18.93166850993815,Bread|morning,0.0295828925892607,44.47379670877756,45,above_p50_service_protection,26.06833149006185,0.0,19.55124861754639,"For Country Sourdough at Mont Kiara Premium during morning, forecast demand range is 0-44 units with median 19. Recommended prep is 45 units."
2026-05-01,fruit_tart,evening,Fruit Tart,Dessert,3,2.2,mont_kiara_premium,Mont Kiara Premium,premium,1.08,0.9,0.9124151689379236,4,0,5,18,121,light_rain,3.4,28.2,0,,0,,0,,3,3,3,0,0,0,0,3,2.0,0.0,2.142857142857143,1.1666666666666667,0.9467817965279756,Dessert|evening,0.1869955110983262,2.177714445983388,0,above_p50_service_protection,0.0,0.9467817965279756,2.6036499404519327,"For Fruit Tart at Mont Kiara Premium during evening, forecast demand range is 0-2 units with median 1. Recommended prep is 0 units."
2026-05-01,fruit_tart,midday,Fruit Tart,Dessert,0,5.5,mont_kiara_premium,Mont Kiara Premium,premium,1.08,1.0,0.9051028048744052,4,0,5,18,121,light_rain,3.4,28.2,0,,0,,0,,0,0,0,0,0,0,0,0,5.0,7.0,2.4285714285714284,3.733333333333333,1.9655941734036717,Dessert|midday,0.2542917999703005,2.408578610910429,0,above_p50_service_protection,0.0,1.9655941734036717,13.513459942150243,"For Fruit Tart at Mont Kiara Premium during midday, forecast demand range is 0-2 units with median 2. Recommended prep is 0 units."
2026-05-01,fruit_tart,morning,Fruit Tart,Dessert,0,5.5,mont_kiara_premium,Mont Kiara Premium,premium,1.08,1.1,0.9913615454657352,4,0,5,18,121,light_rain,3.4,28.2,0,,0,,0,,0,0,0,0,0,0,0,0,0.0,4.0,2.857142857142857,3.033333333333333,0.7694609461850096,Dessert|morning,0.0,1.1142056274511372,0,above_p50_service_protection,0.0,0.7694609461850096,5.290044005021941,"For Fruit Tart at Mont Kiara Premium during morning, forecast demand range is 0-1 units with median 1. Recommended prep is 0 units."
2026-05-01,ham_cheese_sandwich,evening,Ham & Cheese Sandwich,Savory,0,8.5,mont_kiara_premium,Mont Kiara Premium,premium,1.08,0.9,1.137713879128712,4,0,5,18,121,light_rain,3.4,28.2,0,,0,,0,,0,0,0,0,0,0,0,0,0.0,0.0,0.0,0.1333333333333333,0.0530700953508122,Savory|evening,0.0,0.1302381625346542,0,above_p50_service_protection,0.0,0.0530700953508122,0.5638697631023797,"For Ham & Cheese Sandwich at Mont Kiara Premium during evening, forecast demand range is 0-0 units with median 0. Recommended prep is 0 units."
2026-05-01,ham_cheese_sandwich,midday,Ham & Cheese Sandwich,Savory,6,5.5,mont_kiara_premium,Mont Kiara Premium,premium,1.08,1.0,1.14614754566808,4,0,5,18,121,light_rain,3.4,28.2,0,,0,,0,,7,6,6,0,1,0,1,7,8.0,26.0,10.571428571428571,11.0,12.97602449680524,Savory|midday,6.790534085489281,19.80539168354816,20,above_p50_service_protection,7.023975503194761,0.0,17.384339370407034,"For Ham & Cheese Sandwich at Mont Kiara Premium during midday, forecast demand range is 7-20 units with median 13. Recommended prep is 20 units."
2026-05-01,ham_cheese_sandwich,morning,Ham & Cheese Sandwich,Savory,7,4.666666666666667,mont_kiara_premium,Mont Kiara Premium,premium,1.08,1.1,1.083913702443411,4,0,5,18,121,light_rain,3.4,28.2,0,,0,,0,,9,9,9,0,0,0,0,9,12.0,11.0,4.714285714285714,4.366666666666666,3.833744216884887,Savory|morning,0.0,7.664848365042879,10,above_p50_service_protection,6.166255783115113,0.0,12.949137144541737,"For Ham & Cheese Sandwich at Mont Kiara Premium during morning, forecast demand range is 0-8 units with median 4. Recommended prep is 10 units."
2026-05-01,pain_au_chocolat,evening,Pain au Chocolat,Pastry,10,1.3,mont_kiara_premium,Mont Kiara Premium,premium,1.08,0.9,0.9500223199509203,4,0,5,18,121,light_rain,3.4,28.2,0,,0,,0,,9,10,9,1,0,1,0,9,0.0,3.0,1.8571428571428568,2.466666666666667,4.764426934766355,Pastry|evening,3.2885028022015814,7.508141039748484,10,above_p50_service_protection,5.235573065233645,0.0,3.0628102431616826,"For Pain au Chocolat at Mont Kiara Premium during evening, forecast demand range is 3-8 units with median 5. Recommended prep is 10 units."
2026-05-01,pain_au_chocolat,midday,Pain au Chocolat,Pastry,5,1.3,mont_kiara_premium,Mont Kiara Premium,premium,1.08,1.0,1.0380350409221897,4,0,5,18,121,light_rain,3.4,28.2,0,,0,,0,,6,7,6,1,0,1,0,6,4.0,4.0,4.142857142857143,3.1333333333333333,5.803074813584506,Pastry|midday,3.5507638678193483,9.174191980701162,10,above_p50_service_protection,4.196925186415494,0.0,2.4552012340530642,"For Pain au Chocolat at Mont Kiara Premium during midday, forecast demand range is 4-9 units with median 6. Recommended prep is 10 units."
2026-05-01,pain_au_chocolat,morning,Pain au Chocolat,Pastry,21,1.3,mont_kiara_premium,Mont Kiara Premium,premium,1.08,1.1,1.0790825934589283,4,0,5,18,121,light_rain,3.4,28.2,0,,0,,0,,27,25,25,0,2,0,1,27,24.0,36.0,31.142857142857142,30.0,19.12899601079302,Pastry|morning,9.182644916317878,28.29245778434732,30,above_p50_service_protection,10.87100398920698,0.0,6.359537333686084,"For Pain au Chocolat at Mont Kiara Premium during morning, forecast demand range is 9-28 units with median 19. Recommended prep is 30 units."
2026-05-01,traditional_baguette,evening,Traditional Baguette,Bread,40,1.288888888888889,mont_kiara_premium,Mont Kiara Premium,premium,1.08,0.9,1.0269788382819318,4,0,5,18,121,light_rain,3.4,28.2,0,,0,,0,,40,38,38,0,2,0,1,40,32.0,46.0,32.57142857142857,26.4,29.440416795113787,Bread|evening,18.430074456673147,41.65905701146592,40,above_p50_service_protection,10.559583204886213,0.0,6.124558258834004,"For Traditional Baguette at Mont Kiara Premium during evening, forecast demand range is 18-42 units with median 29. Recommended prep is 40 units."
2026-05-01,traditional_baguette,midday,Traditional Baguette,Bread,63,1.2361702127659575,mont_kiara_premium,Mont Kiara Premium,premium,1.08,1.0,0.9751492316662682,4,0,5,18,121,light_rain,3.4,28.2,0,,0,,0,,66,62,62,0,4,0,1,66,51.0,96.0,84.85714285714286,74.13333333333334,51.98739253508565,Bread|midday,36.56493428080832,71.1013804420628,70,above_p50_service_protection,18.012607464914353,0.0,10.019991961067783,"For Traditional Baguette at Mont Kiara Premium during midday, forecast demand range is 37-71 units with median 52. Recommended prep is 70 units."
2026-05-01,traditional_baguette,morning,Traditional Baguette,Bread,75,1.2341463414634146,mont_kiara_premium,Mont Kiara Premium,premium,1.08,1.1,0.9327471174169892,4,0,5,18,121,light_rain,3.4,28.2,0,,0,,0,,83,84,83,1,0,1,0,83,63.0,117.0,98.57142857142856,106.53333333333332,65.16426185499769,Bread|morning,46.2621762376488,90.7063900538371,90,above_p50_service_protection,24.83573814500231,0.0,13.792920916139089,"For Traditional Baguette at Mont Kiara Premium during morning, forecast demand range is 46-91 units with median 65. Recommended prep is 90 units."
2026-05-01,blueberry_muffin,evening,Blueberry Muffin,Dessert,0,3.8,subang_residential,Subang Residential,residential_neighbourhood,0.82,0.9,1.0378234937360329,4,0,5,18,121,light_rain,3.4,28.2,0,,0,,0,,0,0,0,0,0,0,0,0,0.0,0.0,0.0,0.0,1.2286894111517974e-09,Dessert|evening,0.0,1.2309326506841016,0,above_p50_service_protection,0.0,1.2286894111517974e-09,5.8362747029710375e-09,"For Blueberry Muffin at Subang Residential during evening, forecast demand range is 0-1 units with median 0. Recommended prep is 0 units."
2026-05-01,blueberry_muffin,midday,Blueberry Muffin,Dessert,0,3.8,subang_residential,Subang Residential,residential_neighbourhood,0.82,1.0,0.939798670464607,4,0,5,18,121,light_rain,3.4,28.2,0,,0,,0,,0,0,0,0,0,0,0,0,0.0,0.0,0.0,0.0,1.2286894111517974e-09,Dessert|midday,0.0,0.4429844387354475,0,above_p50_service_protection,0.0,1.2286894111517974e-09,5.8362747029710375e-09,"For Blueberry Muffin at Subang Residential during midday, forecast demand range is 0-0 units with median 0. Recommended prep is 0 units."
2026-05-01,blueberry_muffin,morning,Blueberry Muffin,Dessert,0,3.8,subang_residential,Subang Residential,residential_neighbourhood,0.82,1.1,0.9463213934829324,4,0,5,18,121,light_rain,3.4,28.2,0,,0,,0,,0,0,0,0,0,0,0,0,0.0,0.0,0.0,0.0,1.2286894111517974e-09,Dessert|morning,0.0,0.344744682494817,0,above_p50_service_protection,0.0,1.2286894111517974e-09,5.8362747029710375e-09,"For Blueberry Muffin at Subang Residential during morning, forecast demand range is 0-0 units with median 0. Recommended prep is 0 units."
2026-05-01,brioche,evening,Brioche,Pastry,0,3.8,subang_residential,Subang Residential,residential_neighbourhood,0.82,0.9,0.9982145110663964,4,0,5,18,121,light_rain,3.4,28.2,0,,0,,0,,0,0,0,0,0,0,0,0,0.0,0.0,0.4285714285714285,0.3,0.1119760610233483,Pastry|evening,0.0,2.855690166005477,5,above_p50_service_protection,4.8880239389766516,0.0,8.358520935650073,"For Brioche at Subang Residential during evening, forecast demand range is 0-3 units with median 0. Recommended prep is 5 units."
2026-05-01,brioche,midday,Brioche,Pastry,0,3.8,subang_residential,Subang Residential,residential_neighbourhood,0.82,1.0,1.0647502244868017,4,0,5,18,121,light_rain,3.4,28.2,0,,0,,0,,0,0,0,0,0,0,0,0,1.0,0.0,0.2857142857142857,0.3333333333333333,0.5653258633648824,Pastry|midday,0.0,3.936443030481538,5,above_p50_service_protection,4.434674136635118,0.0,7.583292773646051,"For Brioche at Subang Residential during midday, forecast demand range is 0-4 units with median 1. Recommended prep is 5 units."
2026-05-01,brioche,morning,Brioche,Pastry,2,6.0,subang_residential,Subang Residential,residential_neighbourhood,0.82,1.1,1.1817933575734705,4,0,5,18,121,light_rain,3.4,28.2,0,,0,,0,,2,2,2,0,0,0,0,2,0.0,0.0,1.4285714285714286,1.0333333333333334,0.380478679478709,Pastry|morning,0.0,9.543940453033008,10,above_p50_service_protection,9.61952132052129,0.0,25.972707565407486,"For Brioche at Subang Residential during morning, forecast demand range is 0-10 units with median 0. Recommended prep is 10 units."
2026-05-01,brownie,evening,Brownie,Dessert,0,4.0,subang_residential,Subang Residential,residential_neighbourhood,0.82,0.9,0.9944984748802884,4,0,5,18,121,light_rain,3.4,28.2,0,,0,,0,,0,0,0,0,0,0,0,0,0.0,0.0,0.0,0.0,1.2286894111517974e-09,Dessert|evening,0.0,1.2309326506841016,0,above_p50_service_protection,0.0,1.2286894111517974e-09,6.143447055758987e-09,"For Brownie at Subang Residential during evening, forecast demand range is 0-1 units with median 0. Recommended prep is 0 units."
2026-05-01,brownie,midday,Brownie,Dessert,0,4.0,subang_residential,Subang Residential,residential_neighbourhood,0.82,1.0,0.950136058171438,4,0,5,18,121,light_rain,3.4,28.2,0,,0,,0,,0,0,0,0,0,0,0,0,0.0,0.0,0.0,0.0,1.2286894111517974e-09,Dessert|midday,0.0,0.4429844387354475,0,above_p50_service_protection,0.0,1.2286894111517974e-09,6.143447055758987e-09,"For Brownie at Subang Residential during midday, forecast demand range is 0-0 units with median 0. Recommended prep is 0 units."
2026-05-01,brownie,morning,Brownie,Dessert,0,4.0,subang_residential,Subang Residential,residential_neighbourhood,0.82,1.1,1.093788230637048,4,0,5,18,121,light_rain,3.4,28.2,0,,0,,0,,0,0,0,0,0,0,0,0,0.0,0.0,0.0,0.0,1.2286894111517974e-09,Dessert|morning,0.0,0.344744682494817,0,above_p50_service_protection,0.0,1.2286894111517974e-09,6.143447055758987e-09,"For Brownie at Subang Residential during morning, forecast demand range is 0-0 units with median 0. Recommended prep is 0 units."
2026-05-01,butter_croissant,evening,Butter Croissant,Pastry,3,1.2,subang_residential,Subang Residential,residential_neighbourhood,0.82,0.9,0.9829590964399088,4,0,5,18,121,light_rain,3.4,28.2,0,,0,,0,,2,2,2,0,0,0,0,2,2.0,4.0,2.4285714285714284,2.3666666666666667,1.3279715870208844,Pastry|evening,0.0,4.071685692003013,5,above_p50_service_protection,3.672028412979116,0.0,1.9828953430087226,"For Butter Croissant at Subang Residential during evening, forecast demand range is 0-4 units with median 1. Recommended prep is 5 units."
2026-05-01,butter_croissant,midday,Butter Croissant,Pastry,5,1.2,subang_residential,Subang Residential,residential_neighbourhood,0.82,1.0,0.9929382400369272,4,0,5,18,121,light_rain,3.4,28.2,0,,0,,0,,4,4,4,0,0,0,0,4,4.0,8.0,5.142857142857143,3.7666666666666666,1.7467718864595845,Pastry|midday,0.0,5.11788905357624,5,above_p50_service_protection,3.2532281135404153,0.0,1.7567431813118244,"For Butter Croissant at Subang Residential during midday, forecast demand range is 0-5 units with median 2. Recommended prep is 5 units."
2026-05-01,butter_croissant,morning,Butter Croissant,Pastry,20,1.2363636363636363,subang_residential,Subang Residential,residential_neighbourhood,0.82,1.1,1.0779760137430945,4,0,5,18,121,light_rain,3.4,28.2,0,,0,,0,,19,17,17,0,2,0,1,19,30.0,33.0,29.0,29.433333333333334,16.83061555665392,Pastry|morning,6.884264462178779,25.99407733020822,25,above_p50_service_protection,8.169384443346079,0.0,4.545148435752546,"For Butter Croissant at Subang Residential during morning, forecast demand range is 7-26 units with median 17. Recommended prep is 25 units."
2026-05-01,cake_slice,evening,Cake Slice,Dessert,0,6.2,subang_residential,Subang Residential,residential_neighbourhood,0.82,0.9,1.0715214071924508,4,0,5,18,121,light_rain,3.4,28.2,0,,0,,0,,0,0,0,0,0,0,0,0,0.0,0.0,0.0,0.0,1.2286894111517974e-09,Dessert|evening,0.0,1.2309326506841016,0,above_p50_service_protection,0.0,1.2286894111517974e-09,9.52234293642643e-09,"For Cake Slice at Subang Residential during evening, forecast demand range is 0-1 units with median 0. Recommended prep is 0 units."
2026-05-01,cake_slice,midday,Cake Slice,Dessert,0,6.2,subang_residential,Subang Residential,residential_neighbourhood,0.82,1.0,1.0422400033220012,4,0,5,18,121,light_rain,3.4,28.2,0,,0,,0,,0,0,0,0,0,0,0,0,0.0,0.0,0.0,0.0,1.2286894111517974e-09,Dessert|midday,0.0,0.4429844387354475,0,above_p50_service_protection,0.0,1.2286894111517974e-09,9.52234293642643e-09,"For Cake Slice at Subang Residential during midday, forecast demand range is 0-0 units with median 0. Recommended prep is 0 units."
2026-05-01,cake_slice,morning,Cake Slice,Dessert,0,6.2,subang_residential,Subang Residential,residential_neighbourhood,0.82,1.1,1.0820108209460426,4,0,5,18,121,light_rain,3.4,28.2,0,,0,,0,,0,0,0,0,0,0,0,0,0.0,0.0,0.0,0.0,1.2286894111517974e-09,Dessert|morning,0.0,0.344744682494817,0,above_p50_service_protection,0.0,1.2286894111517974e-09,9.52234293642643e-09,"For Cake Slice at Subang Residential during morning, forecast demand range is 0-0 units with median 0. Recommended prep is 0 units."
2026-05-01,chocolate_cookie,evening,Chocolate Cookie,Dessert,5,1.15,subang_residential,Subang Residential,residential_neighbourhood,0.82,0.9,0.9722972205345434,4,0,5,18,121,light_rain,3.4,28.2,0,,0,,0,,4,4,4,0,0,0,0,4,0.0,2.0,0.8571428571428571,1.0666666666666669,0.6242544482794393,Dessert|evening,0.0,1.855187097734852,0,above_p50_service_protection,0.0,0.6242544482794393,0.897365769401694,"For Chocolate Cookie at Subang Residential during evening, forecast demand range is 0-2 units with median 1. Recommended prep is 0 units."
2026-05-01,chocolate_cookie,midday,Chocolate Cookie,Dessert,0,2.5,subang_residential,Subang Residential,residential_neighbourhood,0.82,1.0,0.9942988699857356,4,0,5,18,121,light_rain,3.4,28.2,0,,0,,0,,0,0,0,0,0,0,0,0,0.0,5.0,0.1428571428571428,1.2666666666666666,0.6895757997314351,Dessert|midday,0.0,1.132560237238193,0,above_p50_service_protection,0.0,0.6895757997314351,2.1549243741607347,"For Chocolate Cookie at Subang Residential during midday, forecast demand range is 0-1 units with median 1. Recommended prep is 0 units."
2026-05-01,chocolate_cookie,morning,Chocolate Cookie,Dessert,2,1.15,subang_residential,Subang Residential,residential_neighbourhood,0.82,1.1,1.044963531202755,4,0,5,18,121,light_rain,3.4,28.2,0,,0,,0,,2,2,2,0,0,0,0,2,1.0,0.0,1.8571428571428568,1.4,1.2296482346260418,Dessert|morning,0.0,1.5743929158921692,0,above_p50_service_protection,0.0,1.2296482346260418,1.7676193372749351,"For Chocolate Cookie at Subang Residential during morning, forecast demand range is 0-2 units with median 1. Recommended prep is 0 units."
2026-05-01,coffee_bun_sweet_bun,evening,Coffee Bun / Sweet Bun,Pastry,0,3.2,subang_residential,Subang Residential,residential_neighbourhood,0.82,0.9,1.055921200624447,4,0,5,18,121,light_rain,3.4,28.2,0,,0,,0,,0,0,0,0,0,0,0,0,2.0,1.0,0.7142857142857143,0.6,0.3468933693222062,Pastry|evening,0.0,3.090607474304335,5,above_p50_service_protection,4.653106630677794,0.0,6.700473548176023,"For Coffee Bun / Sweet Bun at Subang Residential during evening, forecast demand range is 0-3 units with median 0. Recommended prep is 5 units."
2026-05-01,coffee_bun_sweet_bun,midday,Coffee Bun / Sweet Bun,Pastry,0,3.2,subang_residential,Subang Residential,residential_neighbourhood,0.82,1.0,1.004343020341135,4,0,5,18,121,light_rain,3.4,28.2,0,,0,,0,,0,0,0,0,0,0,0,0,0.0,6.0,2.2857142857142856,2.4,0.801157167267414,Pastry|midday,0.0,4.17227433438407,5,above_p50_service_protection,4.198842832732586,0.0,6.046333679134925,"For Coffee Bun / Sweet Bun at Subang Residential during midday, forecast demand range is 0-4 units with median 1. Recommended prep is 5 units."
2026-05-01,coffee_bun_sweet_bun,morning,Coffee Bun / Sweet Bun,Pastry,0,3.2,subang_residential,Subang Residential,residential_neighbourhood,0.82,1.1,1.0228718797269305,4,0,5,18,121,light_rain,3.4,28.2,0,,0,,0,,0,0,0,0,0,0,0,0,2.0,1.0,1.8571428571428568,1.6666666666666667,0.7807137854775476,Pastry|morning,0.0,9.944175559031846,10,above_p50_service_protection,9.219286214522452,0.0,13.275772148912331,"For Coffee Bun / Sweet Bun at Subang Residential during morning, forecast demand range is 0-10 units with median 1. Recommended prep is 10 units."
2026-05-01,country_sourdough,evening,Country Sourdough,Bread,11,2.27,subang_residential,Subang Residential,residential_neighbourhood,0.82,0.9,1.1296044682805306,4,0,5,18,121,light_rain,3.4,28.2,0,,0,,0,,9,9,9,0,0,0,0,9,4.0,6.0,3.571428571428572,3.633333333333333,3.4350012071407425,Bread|evening,0.0,15.653641423492871,15,above_p50_service_protection,11.564998792859257,0.0,11.813646266905732,"For Country Sourdough at Subang Residential during evening, forecast demand range is 0-16 units with median 3. Recommended prep is 15 units."
2026-05-01,country_sourdough,midday,Country Sourdough,Bread,8,1.7625000000000002,subang_residential,Subang Residential,residential_neighbourhood,0.82,1.0,0.9030267199469074,4,0,5,18,121,light_rain,3.4,28.2,0,,0,,0,,6,5,5,0,1,0,1,6,4.0,9.0,9.857142857142858,7.8,7.113016728419998,Bread|midday,0.0,26.227004635397165,25,above_p50_service_protection,17.88698327158,0.0,14.18661360727189,"For Country Sourdough at Subang Residential during midday, forecast demand range is 0-26 units with median 7. Recommended prep is 25 units."
2026-05-01,country_sourdough,morning,Country Sourdough,Bread,16,1.6666666666666667,subang_residential,Subang Residential,residential_neighbourhood,0.82,1.1,1.0968061578413868,4,0,5,18,121,light_rain,3.4,28.2,0,,0,,0,,16,16,16,0,0,0,0,16,14.0,21.0,16.285714285714285,17.133333333333333,9.70203543708571,Bread|morning,0.0,35.24416363592511,35,above_p50_service_protection,25.297964562914288,0.0,18.973473422185716,"For Country Sourdough at Subang Residential during morning, forecast demand range is 0-35 units with median 10. Recommended prep is 35 units."
2026-05-01,fruit_tart,evening,Fruit Tart,Dessert,3,2.2,subang_residential,Subang Residential,residential_neighbourhood,0.82,0.9,0.9633080378340892,4,0,5,18,121,light_rain,3.4,28.2,0,,0,,0,,2,2,2,0,0,0,0,2,1.0,0.0,1.7142857142857142,0.9333333333333332,0.8574203323974773,Dessert|evening,0.0976340469678279,2.0883529818528896,0,above_p50_service_protection,0.0,0.8574203323974773,2.3579059140930627,"For Fruit Tart at Subang Residential during evening, forecast demand range is 0-2 units with median 1. Recommended prep is 0 units."
2026-05-01,fruit_tart,midday,Fruit Tart,Dessert,0,5.5,subang_residential,Subang Residential,residential_neighbourhood,0.82,1.0,0.893033338643158,4,0,5,18,121,light_rain,3.4,28.2,0,,0,,0,,0,0,0,0,0,0,0,0,4.0,4.0,2.2857142857142856,2.966666666666667,1.561415729928243,Dessert|midday,0.0,2.004400167435001,0,above_p50_service_protection,0.0,1.561415729928243,10.73473314325667,"For Fruit Tart at Subang Residential during midday, forecast demand range is 0-2 units with median 2. Recommended prep is 0 units."
2026-05-01,fruit_tart,morning,Fruit Tart,Dessert,0,5.5,subang_residential,Subang Residential,residential_neighbourhood,0.82,1.1,1.1355029976008428,4,0,5,18,121,light_rain,3.4,28.2,0,,0,,0,,0,0,0,0,0,0,0,0,0.0,3.0,2.4285714285714284,2.533333333333333,0.5959777561700631,Dessert|morning,0.0,0.9407224374361908,0,above_p50_service_protection,0.0,0.5959777561700631,4.097347073669184,"For Fruit Tart at Subang Residential during morning, forecast demand range is 0-1 units with median 1. Recommended prep is 0 units."
2026-05-01,ham_cheese_sandwich,evening,Ham & Cheese Sandwich,Savory,0,8.5,subang_residential,Subang Residential,residential_neighbourhood,0.82,0.9,0.9771834647208898,4,0,5,18,121,light_rain,3.4,28.2,0,,0,,0,,0,0,0,0,0,0,0,0,0.0,0.0,0.0,0.1333333333333333,0.0536126449720704,Savory|evening,0.0,0.1307807121559123,0,above_p50_service_protection,0.0,0.0536126449720704,0.5696343528282479,"For Ham & Cheese Sandwich at Subang Residential during evening, forecast demand range is 0-0 units with median 0. Recommended prep is 0 units."
2026-05-01,ham_cheese_sandwich,midday,Ham & Cheese Sandwich,Savory,6,5.5,subang_residential,Subang Residential,residential_neighbourhood,0.82,1.0,1.025689201480873,4,0,5,18,121,light_rain,3.4,28.2,0,,0,,0,,5,5,5,0,0,0,0,5,6.0,22.0,7.571428571428571,8.5,4.985971905209268,Savory|midday,0.0,11.815339091952186,10,above_p50_service_protection,5.014028094790732,0.0,12.409719534607063,"For Ham & Cheese Sandwich at Subang Residential during midday, forecast demand range is 0-12 units with median 5. Recommended prep is 10 units."
2026-05-01,ham_cheese_sandwich,morning,Ham & Cheese Sandwich,Savory,7,4.666666666666667,subang_residential,Subang Residential,residential_neighbourhood,0.82,1.1,0.8941692550182926,4,0,5,18,121,light_rain,3.4,28.2,0,,0,,0,,6,6,6,0,0,0,0,6,9.0,9.0,3.7142857142857135,3.5,2.672756674323108,Savory|morning,0.0,6.5038608224811,5,above_p50_service_protection,2.327243325676892,0.0,4.887210983921473,"For Ham & Cheese Sandwich at Subang Residential during morning, forecast demand range is 0-7 units with median 3. Recommended prep is 5 units."
2026-05-01,pain_au_chocolat,evening,Pain au Chocolat,Pastry,10,1.3,subang_residential,Subang Residential,residential_neighbourhood,0.82,0.9,1.071263511574062,4,0,5,18,121,light_rain,3.4,28.2,0,,0,,0,,8,8,8,0,0,0,0,8,0.0,2.0,1.4285714285714286,1.9,0.7847083673393682,Pastry|evening,0.0,3.5284224723214965,5,above_p50_service_protection,4.215291632660632,0.0,2.46594560510647,"For Pain au Chocolat at Subang Residential during evening, forecast demand range is 0-4 units with median 1. Recommended prep is 5 units."
2026-05-01,pain_au_chocolat,midday,Pain au Chocolat,Pastry,5,1.3,subang_residential,Subang Residential,residential_neighbourhood,0.82,1.0,0.9158403317264244,4,0,5,18,121,light_rain,3.4,28.2,0,,0,,0,,4,4,4,0,0,0,0,4,2.0,3.0,3.142857142857143,2.533333333333333,1.3203576713531615,Pastry|midday,0.0,4.6914748384698175,5,above_p50_service_protection,3.6796423286468385,0.0,2.152590762258401,"For Pain au Chocolat at Subang Residential during midday, forecast demand range is 0-5 units with median 1. Recommended prep is 5 units."
2026-05-01,pain_au_chocolat,morning,Pain au Chocolat,Pastry,21,1.3,subang_residential,Subang Residential,residential_neighbourhood,0.82,1.1,0.969612917862168,4,0,5,18,121,light_rain,3.4,28.2,0,,0,,0,,18,19,18,1,0,1,0,18,17.0,28.0,23.714285714285715,23.73333333333333,17.194760189017117,Pastry|morning,7.248409094541975,26.358221962571413,25,above_p50_service_protection,7.805239810982883,0.0,4.566065289424987,"For Pain au Chocolat at Subang Residential during morning, forecast demand range is 7-26 units with median 17. Recommended prep is 25 units."
2026-05-01,traditional_baguette,evening,Traditional Baguette,Bread,40,1.288888888888889,subang_residential,Subang Residential,residential_neighbourhood,0.82,0.9,0.9537536134205438,4,0,5,18,121,light_rain,3.4,28.2,0,,0,,0,,28,32,28,4,0,1,0,28,23.0,32.0,22.428571428571427,18.73333333333333,23.056799438220636,Bread|evening,12.04645709977999,35.275439654572764,35,above_p50_service_protection,11.943200561779364,0.0,6.927056325832032,"For Traditional Baguette at Subang Residential during evening, forecast demand range is 12-35 units with median 23. Recommended prep is 35 units."
2026-05-01,traditional_baguette,midday,Traditional Baguette,Bread,63,1.2361702127659575,subang_residential,Subang Residential,residential_neighbourhood,0.82,1.0,0.961649053792811,4,0,5,18,121,light_rain,3.4,28.2,0,,0,,0,,50,46,46,0,4,0,1,50,34.0,82.0,64.85714285714286,56.766666666666666,37.579268918550646,Bread|midday,22.15681066427332,56.69325682552781,55,above_p50_service_protection,17.420731081449354,0.0,9.6907449813722,"For Traditional Baguette at Subang Residential during midday, forecast demand range is 22-57 units with median 38. Recommended prep is 55 units."
2026-05-01,traditional_baguette,morning,Traditional Baguette,Bread,75,1.2341463414634146,subang_residential,Subang Residential,residential_neighbourhood,0.82,1.1,0.8645724873273493,4,0,5,18,121,light_rain,3.4,28.2,0,,0,,0,,58,46,46,0,12,0,1,58,57.0,100.0,80.14285714285714,82.9,53.57003587656521,Bread|morning,34.66795025921632,79.1121640754046,80,above_p50_service_protection,26.429964123434793,0.0,14.67829958757586,"For Traditional Baguette at Subang Residential during morning, forecast demand range is 35-79 units with median 54. Recommended prep is 80 units."
